DATE,btc_Daily_fee,btc_Size_Usage,btc_vSize_Usage
2023-10-20,9.80850761999999,1.07852471e+08,6.8947599e+07
2023-10-19,18.64870878000021,2.39060333e+08,1.39868738e+08
2023-10-18,19.10702136000015,2.33175758e+08,1.4387986e+08
2023-10-17,19.445528189999937,2.74113556e+08,1.61752153e+08
2023-10-16,20.538101849999933,2.36420587e+08,1.40893377e+08
2023-10-15,11.395811419999925,3.14101319e+08,1.66810871e+08
2023-10-14,13.614699729999876,2.57774591e+08,1.45884109e+08
2023-10-13,22.12322943000017,2.09835621e+08,1.3789838e+08
2023-10-12,24.771612710000056,2.27013369e+08,1.63846822e+08
2023-10-11,21.6005342200001,2.35375021e+08,1.59861226e+08
2023-10-10,17.215115050000165,2.86936813e+08,1.60875237e+08
2023-10-09,19.879587210000263,2.82652808e+08,1.54874287e+08
2023-10-08,15.39459141000019,2.73162173e+08,1.47862764e+08
2023-10-07,41.49443834999978,2.71199091e+08,1.70732893e+08
2023-10-06,42.56644864999999,2.32730174e+08,1.59883241e+08
2023-10-05,26.69888465000007,2.14072797e+08,1.38927807e+08
2023-10-04,26.35338269999999,2.27779517e+08,1.30911717e+08
2023-10-03,29.08744009999975,3.06358032e+08,1.63867774e+08
2023-10-02,27.277107750000006,2.81850604e+08,1.56904538e+08
2023-10-01,18.927685779999923,2.49094529e+08,1.40914826e+08
2023-09-30,21.55552342000014,2.39899437e+08,1.37893231e+08
2023-09-29,29.36315436000065,2.51821218e+08,1.4690311e+08
2023-09-28,29.012916670000248,2.50754175e+08,1.45930548e+08
2023-09-27,31.734055429999884,2.66357618e+08,1.55888254e+08
2023-09-26,27.64610498000034,2.34260373e+08,1.35910681e+08
2023-09-25,33.365485490000566,2.51011876e+08,1.44887557e+08
2023-09-24,37.08650941000127,2.45145302e+08,1.45948314e+08
2023-09-23,51.57942328000244,2.59935359e+08,1.55967886e+08
2023-09-22,45.99544894000076,2.10466132e+08,1.28967859e+08
2023-09-21,47.34640060000186,2.26482362e+08,1.37933838e+08
2023-09-20,47.37695080000065,2.41896482e+08,1.45968974e+08
2023-09-19,46.94653264000067,2.32259231e+08,1.37975141e+08
2023-09-18,46.80860925999995,2.71982279e+08,1.55977664e+08
2023-09-17,28.30720797999912,2.56634261e+08,1.48919368e+08
2023-09-16,26.700998639997458,2.61093854e+08,1.54925386e+08
2023-09-15,32.61796492999938,3.19552284e+08,1.87910483e+08
2023-09-14,30.897713890000222,2.72914192e+08,1.61892645e+08
2023-09-13,31.128702210000995,2.45831632e+08,1.45953545e+08
2023-09-12,31.02944449999975,2.27430096e+08,1.39950216e+08
2023-09-11,32.69725456000124,2.44674162e+08,1.58944222e+08
2023-09-10,47.06196051999676,2.4382025e+08,1.46976893e+08
2023-09-09,32.53049267000267,2.5617607e+08,1.50968205e+08
2023-09-08,35.85455886999978,2.14698919e+08,1.32942569e+08
2023-09-07,31.57012848999855,2.4144531e+08,1.45957488e+08
2023-09-06,30.253897690002628,2.08592662e+08,1.32999669e+08
2023-09-05,24.396894269999773,1.91091084e+08,1.24002736e+08
2023-09-04,22.275984709999612,2.42766787e+08,1.48984606e+08
2023-09-03,19.893148249998703,2.65949326e+08,1.56941632e+08
2023-09-02,23.26197841000041,2.59316536e+08,1.5193499e+08
2023-09-01,26.151917780000776,2.54880416e+08,1.50913609e+08
2023-08-31,26.54064023,2.3740529e+08,1.43918525e+08
2023-08-30,19.22098827000003,2.04584319e+08,1.25922794e+08
2023-08-29,21.15115106000018,2.62017058e+08,1.56881254e+08
2023-08-28,16.972956399999973,1.86820131e+08,1.17923979e+08
2023-08-27,13.471948679999354,1.9652497e+08,1.15953244e+08
2023-08-26,16.08621264999957,2.27914563e+08,1.36887834e+08
2023-08-25,18.035864400000378,2.19751936e+08,1.33916578e+08
2023-08-24,17.45846717000004,2.18300386e+08,1.37894909e+08
2023-08-23,19.329584130001027,2.39629609e+08,1.41914454e+08
2023-08-22,18.81110135999984,2.47219037e+08,1.42938741e+08
2023-08-21,16.575861880000208,2.69593541e+08,1.64900152e+08
2023-08-20,14.984985449998183,2.78923666e+08,1.6197911e+08
2023-08-19,16.699382389999588,2.3783502e+08,1.39956971e+08
2023-08-18,22.003224609999535,2.26692703e+08,1.38921833e+08
2023-08-17,18.939209790000465,2.56496895e+08,1.54945693e+08
2023-08-16,18.03889854999944,2.74709105e+08,1.62905315e+08
2023-08-15,18.262779829998788,2.83064144e+08,1.70874871e+08
2023-08-14,18.187309869999076,2.92751875e+08,1.70866422e+08
2023-08-13,13.4827763600003,2.29609835e+08,1.3494464e+08
2023-08-12,19.421388580000382,2.66291225e+08,1.66879623e+08
2023-08-11,23.46538348000164,2.47748186e+08,1.49888878e+08
2023-08-10,24.622762609999793,1.9797253e+08,1.26918748e+08
2023-08-09,27.088854349999295,2.68190018e+08,1.60905668e+08
2023-08-08,29.113107459999306,1.95343899e+08,1.24928738e+08
2023-08-07,22.689546270000946,2.48190419e+08,1.45910335e+08
2023-08-06,16.910309009999917,2.80396569e+08,1.6392501e+08
2023-08-05,21.106991330000355,2.60687472e+08,1.53923992e+08
2023-08-04,22.515295539999755,1.92894085e+08,1.19940882e+08
2023-08-03,23.24083873999961,2.55205902e+08,1.5095841e+08
2023-08-02,20.88584785999982,2.41864313e+08,1.52920764e+08
2023-08-01,18.48016358000054,2.29378925e+08,1.38925643e+08
2023-07-31,16.65975420999936,2.36699614e+08,1.40930574e+08
2023-07-30,17.13087238000159,2.89241091e+08,1.67934497e+08
2023-07-29,16.14425574999998,2.13393866e+08,1.30925206e+08
2023-07-28,20.35879905999972,2.28147858e+08,1.38938867e+08
2023-07-27,20.838440450000526,2.28169884e+08,1.36944187e+08
2023-07-26,18.81831862999953,2.42319811e+08,1.43962864e+08
2023-07-25,17.856388540000456,2.32365971e+08,1.37981108e+08
2023-07-24,26.448897810001533,2.55128868e+08,1.49989324e+08
2023-07-23,25.54846983000001,2.54357228e+08,1.46977295e+08
2023-07-22,45.95214263000097,2.23618577e+08,1.33902599e+08
2023-07-21,22.933509640001763,1.77354407e+08,1.11976129e+08
2023-07-20,22.754653620000315,2.01679752e+08,1.2696677e+08
2023-07-19,18.1637033700001,2.57323323e+08,1.47960039e+08
2023-07-18,19.088797510001122,2.79525505e+08,1.61983863e+08
2023-07-17,17.222962560000234,2.19699067e+08,1.34949832e+08
2023-07-16,15.430010310000878,2.68339095e+08,1.54978294e+08
2023-07-15,16.74064071999969,2.3230438e+08,1.37986912e+08
2023-07-14,22.677253870000747,2.21139513e+08,1.36960632e+08
2023-07-13,19.657573170000365,1.92158634e+08,1.19971956e+08
2023-07-12,19.29161277000028,2.45264666e+08,1.43963224e+08
2023-07-11,16.95226390000085,2.31511609e+08,1.34959001e+08
2023-07-10,16.245124030000174,2.56197459e+08,1.52969336e+08
2023-07-09,13.184168100000292,2.98027131e+08,1.68991491e+08
2023-07-08,14.740246060001006,3.11754943e+08,1.77975174e+08
2023-07-07,19.249550690000966,3.14889056e+08,1.75003063e+08
2023-07-06,19.723986130000117,2.29626684e+08,1.3797696e+08
2023-07-05,21.49504749999955,2.63899894e+08,1.55971785e+08
2023-07-04,22.682337480001166,2.4353265e+08,1.3995687e+08
2023-07-03,25.487702250000076,2.43876443e+08,1.36925368e+08
2023-07-02,23.79482714999981,3.10643806e+08,1.69854252e+08
2023-07-01,25.439943249999647,2.20337385e+08,1.32931361e+08
2023-06-30,34.70273144999729,2.61775019e+08,1.57957534e+08
2023-06-29,37.05847567999994,2.44776807e+08,1.45947847e+08
2023-06-28,29.874540860000007,1.81519509e+08,1.07960041e+08
2023-06-27,31.657187519999905,2.40369933e+08,1.39955392e+08
2023-06-26,32.384853229998804,2.5156212e+08,1.44921856e+08
2023-06-25,29.3848428800003,2.85801082e+08,1.49885308e+08
2023-06-24,33.745560819999476,2.60150739e+08,1.45906108e+08
2023-06-23,40.11549266999893,2.07992148e+08,1.2494602e+08
2023-06-22,44.425758519999604,2.24687983e+08,1.36932022e+08
2023-06-21,43.88821894999929,1.94567866e+08,1.20934328e+08
2023-06-20,37.1624261899993,2.28667295e+08,1.35951318e+08
2023-06-19,31.23665693000062,2.50888307e+08,1.41946413e+08
2023-06-18,30.49645309000129,2.99599415e+08,1.50927295e+08
2023-06-17,40.128835800002,2.39840458e+08,1.39972211e+08
2023-06-16,45.62498800000347,2.53104393e+08,1.50949097e+08
2023-06-15,41.02129533000111,2.62489471e+08,1.47918256e+08
2023-06-14,39.86874709000003,1.95415984e+08,1.19939854e+08
2023-06-13,37.246010070000594,2.64320643e+08,1.4591749e+08
2023-06-12,42.50873273999847,2.66285761e+08,1.56887334e+08
2023-06-11,35.10920663000014,3.25767083e+08,1.62894916e+08
2023-06-10,49.63338241000004,2.92239375e+08,1.53895797e+08
2023-06-09,73.25776495000021,2.7561109e+08,1.68884999e+08
2023-06-08,69.54580715999772,2.60785455e+08,1.52919526e+08
2023-06-07,97.60233793000003,2.18915563e+08,1.34968997e+08
2023-06-06,82.92263229999764,2.55484632e+08,1.5093228e+08
2023-06-05,58.001145189999406,2.20460735e+08,1.37921785e+08
2023-06-04,38.49187925999888,2.65883632e+08,1.47900765e+08
2023-06-03,44.20366028000004,2.19408141e+08,1.29936763e+08
2023-06-02,74.86202741000012,2.6864596e+08,1.63910522e+08
2023-06-01,70.13588614000051,2.11094108e+08,1.30937645e+08
2023-05-31,68.62409598000062,2.36975647e+08,1.40942139e+08
2023-05-30,79.86678899000012,2.61556572e+08,1.53952234e+08
2023-05-29,71.13058149000156,2.79372045e+08,1.60931929e+08
2023-05-28,62.5685810799979,2.71448004e+08,1.59932549e+08
2023-05-27,62.085646120000256,2.60220799e+08,1.44939432e+08
2023-05-26,97.82995501000197,2.55586522e+08,1.51946603e+08
2023-05-25,91.86642855999911,2.59391559e+08,1.50940102e+08
2023-05-24,64.87007902000316,2.52901369e+08,1.4093262e+08
2023-05-23,69.74632324000996,2.76162585e+08,1.5391073e+08
2023-05-22,70.97206966000057,2.45870417e+08,1.42938095e+08
2023-05-21,71.45591598999971,2.79306597e+08,1.50938985e+08
2023-05-20,85.19281154000052,2.2397764e+08,1.29949162e+08
2023-05-19,116.54596239999974,2.59022196e+08,1.49964372e+08
2023-05-18,106.90014764999913,2.31581367e+08,1.4097854e+08
2023-05-17,93.11371895999832,2.67664995e+08,1.59993043e+08
2023-05-16,113.01084451999658,2.62237306e+08,1.52036558e+08
2023-05-15,89.81371372999564,2.57390344e+08,1.46972316e+08
2023-05-14,88.42138682999601,2.99114564e+08,1.72985964e+08
2023-05-13,108.7899767799956,2.47484876e+08,1.44971324e+08
2023-05-12,173.44342628999587,2.35487934e+08,1.39975767e+08
2023-05-11,194.37812239999883,2.62334748e+08,1.49989543e+08
2023-05-10,339.7677186099936,2.85777801e+08,1.67998826e+08
2023-05-09,440.26574468999837,2.5070151e+08,1.50014652e+08
2023-05-08,635.3538003399921,2.33316638e+08,1.37066042e+08
2023-05-07,403.9190378600211,2.34093238e+08,1.37088463e+08
2023-05-06,182.03461340998948,2.48266683e+08,1.48027459e+08
2023-05-05,134.9671309199988,1.90976367e+08,1.18977413e+08
2023-05-04,113.4764501699985,2.33050403e+08,1.45971178e+08
2023-05-03,124.19698520000225,2.25303093e+08,1.39971485e+08
2023-05-02,114.14121358999644,2.121419e+08,1.29001381e+08
2023-05-01,69.26942017999964,3.02834868e+08,1.81991303e+08
2023-04-30,47.64650050000092,2.43747172e+08,1.47990255e+08
2023-04-29,42.83166168999892,2.19780408e+08,1.37026283e+08
2023-04-28,45.871623959998615,2.36457597e+08,1.46977054e+08
2023-04-27,41.764620979999556,2.02678844e+08,1.29985957e+08
2023-04-26,33.09136423999875,2.08960538e+08,1.29986763e+08
2023-04-25,26.715879629999623,1.99624308e+08,1.24960756e+08
2023-04-24,20.560218520000014,2.41884608e+08,1.40320394e+08
2023-04-23,13.674907480000376,2.3545005e+08,1.36782992e+08
2023-04-22,16.390346200000426,2.51218998e+08,1.37075668e+08
2023-04-21,24.09019709000026,2.57100444e+08,1.44920867e+08
2023-04-20,21.23996344000008,2.23918472e+08,1.29646454e+08
2023-04-19,20.90592023000015,2.48709215e+08,1.38907497e+08
2023-04-18,20.36349198000012,2.94594445e+08,1.64868466e+08
2023-04-17,20.837154240000093,2.774172e+08,1.54883136e+08
2023-04-16,15.947947190000011,2.31971757e+08,1.23906434e+08
2023-04-15,21.196562720000276,2.90071409e+08,1.57870613e+08
2023-04-14,27.73971429999995,2.48794083e+08,1.39929721e+08
2023-04-13,25.93528789000039,2.54547143e+08,1.41914752e+08
2023-04-12,24.604784270000312,3.09945251e+08,1.58907101e+08
2023-04-11,31.058914179999967,2.56688001e+08,1.53926324e+08
2023-04-10,21.774573939999982,1.99522929e+08,1.21929123e+08
2023-04-09,16.906771399999997,2.89693195e+08,1.45875359e+08
2023-04-08,21.895544680000324,3.26000635e+08,1.46895802e+08
2023-04-07,27.01238271000023,2.67057942e+08,1.41913908e+08
2023-04-06,32.91813283000022,3.13199282e+08,1.59891882e+08
2023-04-05,32.05316880999985,2.5423597e+08,1.37943216e+08
2023-04-04,33.83075424999975,2.88731755e+08,1.61911697e+08
2023-04-03,27.705156450000242,2.27643943e+08,1.30930615e+08
2023-04-02,24.46719162999989,2.79524881e+08,1.48899579e+08
2023-04-01,31.523493040000165,2.53830234e+08,1.39920821e+08
2023-03-31,32.546841099999924,2.52939446e+08,1.40914623e+08
2023-03-30,27.52450894000053,3.18101921e+08,1.52905371e+08
2023-03-29,27.534690560000158,2.96180244e+08,1.46904935e+08
2023-03-28,28.01496873000018,2.43218193e+08,1.33909892e+08
2023-03-27,23.156554660000157,2.78559699e+08,1.47896224e+08
2023-03-26,21.86761758000044,3.28325436e+08,1.43886191e+08
2023-03-25,30.595836490000423,3.0308843e+08,1.44902239e+08
2023-03-24,44.32438010000007,3.93661341e+08,1.61873584e+08
2023-03-23,39.11112149000018,4.56207791e+08,1.79851275e+08
2023-03-22,35.35143002,3.43610309e+08,1.5688169e+08
2023-03-21,28.886597120000353,2.88382866e+08,1.44909633e+08
2023-03-20,29.66222798000013,3.08489944e+08,1.5390015e+08
2023-03-19,28.55572972999991,3.43369403e+08,1.47888402e+08
2023-03-18,34.92705100000016,3.66433068e+08,1.6087086e+08
2023-03-17,42.51131128000023,2.79365115e+08,1.46919058e+08
2023-03-16,33.40128667000042,2.66096646e+08,1.3291585e+08
2023-03-15,33.65361796000031,2.87016241e+08,1.45929447e+08
2023-03-14,37.168912060000075,2.64696522e+08,1.45912349e+08
2023-03-13,26.12698464000009,3.24356853e+08,1.56889407e+08
2023-03-12,21.365447760000208,3.79408042e+08,1.60832669e+08
2023-03-11,27.257424539999928,3.74805454e+08,1.64862768e+08
2023-03-10,43.944551430001745,2.4969376e+08,1.35908277e+08
2023-03-09,44.79625680999971,2.46442342e+08,1.33934344e+08
2023-03-08,26.25555846999986,2.63403885e+08,1.32914222e+08
2023-03-07,25.64150674000015,3.33083131e+08,1.6289091e+08
2023-03-06,24.027452860000245,2.38903334e+08,1.30926655e+08
2023-03-05,17.510876130000145,2.99703046e+08,1.51879528e+08
2023-03-04,20.186608340000003,3.26120033e+08,1.50889301e+08
2023-03-03,27.89011407000017,3.36758987e+08,1.66883466e+08
2023-03-02,23.938510730000196,2.9151564e+08,1.4191972e+08
2023-03-01,25.838157140000245,3.58774389e+08,1.69901279e+08
2023-02-28,25.818432080000015,2.54358695e+08,1.3591668e+08
2023-02-27,22.653527710000148,2.28689366e+08,1.29085486e+08
2023-02-26,15.062250590000163,3.49786881e+08,1.55788831e+08
2023-02-25,15.959074010000087,1.97612869e+08,1.0694127e+08
2023-02-24,18.535317370000246,2.48637298e+08,1.34810192e+08
2023-02-23,19.02310421000011,3.4444003e+08,1.70841263e+08
2023-02-22,18.45057693000015,2.65154957e+08,1.39896516e+08
2023-02-21,17.320648790000277,3.41461056e+08,1.65135353e+08
2023-02-20,17.877025800000293,3.15443036e+08,1.45892802e+08
2023-02-19,15.39227625000003,3.6664545e+08,1.59839258e+08
2023-02-18,19.948196270000018,3.55148776e+08,1.66863986e+08
2023-02-17,26.678259050000012,3.37949076e+08,1.64882428e+08
2023-02-16,31.270730970000034,3.7707479e+08,1.76873664e+08
2023-02-15,35.34902814000021,3.56990599e+08,1.62873006e+08
2023-02-14,25.81457179000019,3.59784194e+08,1.5288006e+08
2023-02-13,24.259215850000263,3.37269571e+08,1.54881607e+08
2023-02-12,19.215874989999904,4.07827643e+08,1.61860839e+08
2023-02-11,22.18726270000028,3.49096455e+08,1.47885713e+08
2023-02-10,26.862627800000023,3.03488833e+08,1.46902308e+08
2023-02-09,21.551064880000215,3.47304275e+08,1.60897043e+08
2023-02-08,18.393597170000376,2.90989393e+08,1.3793041e+08
2023-02-07,22.202101730000116,3.0426478e+08,1.41907209e+08
2023-02-06,18.427611430000063,3.26101755e+08,1.47902138e+08
2023-02-05,13.976726330000123,2.47610159e+08,1.21089239e+08
2023-02-04,20.355688760000188,2.39194189e+08,1.31334265e+08
2023-02-03,24.340816740000076,1.94395808e+08,1.21659665e+08
2023-02-02,21.85790291000035,2.06770096e+08,1.27743364e+08
2023-02-01,22.098472130000307,2.15885615e+08,1.34317258e+08
2023-01-31,18.615042980000194,1.77027621e+08,1.13965033e+08
2023-01-30,11.292110210000383,1.83777826e+08,1.19633718e+08
2023-01-29,8.46375560000016,1.59221154e+08,1.01091358e+08
2023-01-28,11.6132357900003,1.61292196e+08,1.04382913e+08
2023-01-27,14.30231094000033,1.75799885e+08,1.13041447e+08
2023-01-26,12.096030560000155,1.7143386e+08,1.12041408e+08
2023-01-25,12.946728200000202,1.75147246e+08,1.13722572e+08
2023-01-24,16.92996075999984,1.73113159e+08,1.11055994e+08
2023-01-23,14.92490361000001,1.73867421e+08,1.14191384e+08
2023-01-22,13.757078050000322,1.66317735e+08,1.07282987e+08
2023-01-21,16.328743440000206,1.62424946e+08,1.07578105e+08
2023-01-20,19.557875500000236,1.70728031e+08,1.12601329e+08
2023-01-19,16.22431669999995,1.87903474e+08,1.18388019e+08
2023-01-18,16.092405699999976,1.87488559e+08,1.19936622e+08
2023-01-17,12.945289090000186,1.93758312e+08,1.26131774e+08
2023-01-16,10.301662030000347,1.85317272e+08,1.21719732e+08
2023-01-15,7.979662750000227,1.42798414e+08,9.1731085e+07
2023-01-14,14.026006900000311,1.90377332e+08,1.22799404e+08
2023-01-13,16.62489800000019,2.03211563e+08,1.30224169e+08
2023-01-12,16.51553844000042,2.03935638e+08,1.35416511e+08
2023-01-11,12.423635660000137,1.90386176e+08,1.34815421e+08
2023-01-10,11.159492740000248,2.32952354e+08,1.54654964e+08
2023-01-09,10.866636120000004,1.87781029e+08,1.28950904e+08
2023-01-08,6.781967410000013,1.38479187e+08,9.03987e+07
2023-01-07,8.396861960000003,1.47298478e+08,9.7197188e+07
2023-01-06,13.201948179999949,1.89471864e+08,1.26324317e+08
2023-01-05,14.271284649999972,1.81325958e+08,1.1839194e+08
2023-01-04,14.774281599999965,1.75084517e+08,1.13911549e+08
2023-01-03,12.727828579999933,1.92218727e+08,1.19241914e+08
2023-01-02,8.824292550000004,1.59297479e+08,1.04245348e+08
2023-01-01,7.1127552700000045,1.30605755e+08,8.5157305e+07
2022-12-31,12.180264260000003,1.6717398e+08,1.08982288e+08
2022-12-30,21.794251200000065,2.14302802e+08,1.396894e+08
2022-12-29,20.581819500000016,1.78101223e+08,1.1792361e+08
2022-12-28,20.678244829999976,1.72408705e+08,1.11564922e+08
2022-12-27,23.851985059999972,1.58277042e+08,1.00632784e+08
2022-12-26,17.542172259999997,1.44374304e+08,9.4022904e+07
2022-12-25,13.708164819999983,1.39287447e+08,8.9709982e+07
2022-12-24,17.63921587999999,1.28981477e+08,8.6291365e+07
2022-12-23,17.374282509999986,1.66574981e+08,1.09833795e+08
2022-12-22,17.139276410000015,1.67995491e+08,1.10585017e+08
2022-12-21,16.52914493999998,1.74466676e+08,1.13814997e+08
2022-12-20,18.050890910000025,1.83997794e+08,1.16008781e+08
2022-12-19,18.069058320000014,1.79824554e+08,1.17099001e+08
2022-12-18,11.580907440000002,1.42110387e+08,9.1248711e+07
2022-12-17,17.432719379999956,1.77960809e+08,1.17400513e+08
2022-12-16,16.566317870000013,1.53904653e+08,1.02972275e+08
2022-12-15,20.348535059999996,1.71741003e+08,1.13559909e+08
2022-12-14,15.094997960000008,1.78380782e+08,1.17449127e+08
2022-12-13,13.220870679999992,1.84705243e+08,1.19744582e+08
2022-12-12,12.61235303999999,1.71707295e+08,1.11049681e+08
2022-12-11,8.192275980000003,1.42886441e+08,9.2850981e+07
2022-12-10,12.258936410000008,1.97885444e+08,1.45731856e+08
2022-12-09,13.758093819999987,1.79364608e+08,1.22090152e+08
2022-12-08,14.875923829999993,1.677301e+08,1.09486525e+08
2022-12-07,18.324438659999995,1.7706082e+08,1.15087499e+08
2022-12-06,22.499145849999977,1.79396206e+08,1.15475936e+08
2022-12-05,21.33182905999997,1.8195616e+08,1.21094444e+08
2022-12-04,16.89630625999998,1.52081286e+08,1.01379255e+08
2022-12-03,23.081104510000014,1.7272249e+08,1.13047014e+08
2022-12-02,28.777946439999983,1.74049739e+08,1.13797266e+08
2022-12-01,29.31723931000004,1.9205792e+08,1.26225159e+08
2022-11-30,27.12249692000003,1.72241723e+08,1.13466824e+08
2022-11-29,23.247694429999946,1.78311061e+08,1.15243646e+08
2022-11-28,22.940244019999987,1.85717247e+08,1.20129328e+08
2022-11-27,17.78074630999997,1.56452863e+08,1.02808711e+08
2022-11-26,23.656080399999993,1.65668345e+08,1.07144815e+08
2022-11-25,27.053000310000012,1.85313973e+08,1.17990125e+08
2022-11-24,27.963748600000006,2.02738788e+08,1.27918309e+08
2022-11-23,28.849842879999994,2.07882523e+08,1.33841588e+08
2022-11-22,26.782023809999956,1.79291771e+08,1.13416923e+08
2022-11-21,25.36568192000002,1.83482605e+08,1.21217816e+08
2022-11-20,19.441188709999984,2.12189694e+08,1.34579508e+08
2022-11-19,27.055819770000042,2.20037244e+08,1.4588903e+08
2022-11-18,43.72819362000005,1.9039398e+08,1.38906097e+08
2022-11-17,34.54296319000006,1.79692161e+08,1.37896333e+08
2022-11-16,35.52287679000004,1.96422023e+08,1.49878019e+08
2022-11-15,36.31310996999999,2.07060907e+08,1.5482842e+08
2022-11-14,22.849395859999994,1.59188335e+08,1.08272095e+08
2022-11-13,16.36878464000001,1.56161211e+08,1.05116291e+08
2022-11-12,16.18220149,1.79846636e+08,1.2013129e+08
2022-11-11,21.931110169999997,1.7575394e+08,1.17022268e+08
2022-11-10,24.337801560000013,1.94191724e+08,1.2726951e+08
2022-11-09,24.963782759999997,1.953192e+08,1.28076305e+08
2022-11-08,21.878516740000006,1.9958387e+08,1.29479785e+08
2022-11-07,15.888307670000032,1.70196632e+08,1.12445523e+08
2022-11-06,13.763168760000024,1.46942683e+08,9.7678491e+07
2022-11-05,16.01921819,1.75921036e+08,1.1471702e+08
2022-11-04,19.65744896000001,1.74303172e+08,1.13599008e+08
2022-11-03,18.92082781,1.93330759e+08,1.26064239e+08
2022-11-02,16.722866410000012,1.5284598e+08,1.01438674e+08
2022-11-01,14.951825979999981,1.88350819e+08,1.20956609e+08
2022-10-31,15.408546640000063,1.8686041e+08,1.2377691e+08
2022-10-30,12.734305290000021,1.53748641e+08,9.9480073e+07
2022-10-29,14.66516375000001,1.6200372e+08,1.07119506e+08
2022-10-28,18.724273509999993,1.82745597e+08,1.19623643e+08
2022-10-27,17.35952790000001,1.72064599e+08,1.13711616e+08
2022-10-26,23.549781600000035,2.13678069e+08,1.39390492e+08
2022-10-25,16.798805110000014,1.46105247e+08,9.7251876e+07
2022-10-24,11.951984579999984,1.75130011e+08,1.14791786e+08
2022-10-23,7.75534212,1.4380374e+08,9.5066095e+07
2022-10-22,9.275672059999973,1.52561018e+08,9.9894886e+07
2022-10-21,11.793922259999999,1.77962554e+08,1.19549476e+08
2022-10-20,12.782906639999979,1.77019005e+08,1.13665819e+08
2022-10-19,16.729979620000005,2.07377289e+08,1.4987425e+08
2022-10-18,16.72190050000001,1.84689242e+08,1.32595428e+08
2022-10-17,13.047809929999993,1.71309225e+08,1.11485948e+08
2022-10-16,8.212483420000005,1.38210208e+08,9.198381e+07
2022-10-15,9.29797297000002,1.61846387e+08,1.06592054e+08
2022-10-14,14.972679839999968,2.05982835e+08,1.46286108e+08
2022-10-13,14.791093839999975,1.92766067e+08,1.3263808e+08
2022-10-12,9.430387910000011,1.65985618e+08,1.08379735e+08
2022-10-11,8.843538890000001,1.74462294e+08,1.12106242e+08
2022-10-10,8.094368549999999,1.76492696e+08,1.13360311e+08
2022-10-09,5.9324118199999925,1.39553929e+08,9.188976e+07
2022-10-08,6.680587199999991,1.49735326e+08,9.8549287e+07
2022-10-07,10.589537800000002,1.9696536e+08,1.31912372e+08
2022-10-06,10.175776840000013,1.81382833e+08,1.18451257e+08
2022-10-05,9.209774779999973,1.71131976e+08,1.10635335e+08
2022-10-04,10.25446529000001,1.81150357e+08,1.17831454e+08
2022-10-03,11.480007599999997,1.91767067e+08,1.22751246e+08
2022-10-02,9.031768799999991,1.54436259e+08,9.9684958e+07
2022-10-01,12.31237759,1.68571021e+08,1.09683873e+08
2022-09-30,16.583648200000027,1.92176137e+08,1.25611678e+08
2022-09-29,14.876380000000003,1.73849065e+08,1.15420003e+08
2022-09-28,14.034274380000005,1.66949604e+08,1.09341848e+08
2022-09-27,16.781810160000052,1.88428421e+08,1.21478135e+08
2022-09-26,14.465445650000007,1.76981037e+08,1.15982116e+08
2022-09-25,10.513897110000002,1.4020544e+08,9.2740061e+07
2022-09-24,11.20801603000001,1.52383302e+08,9.8421956e+07
2022-09-23,15.760176850000038,1.86345095e+08,1.21594238e+08
2022-09-22,12.921849560000018,1.5685703e+08,1.02794887e+08
2022-09-21,14.007190430000026,1.71712269e+08,1.09800612e+08
2022-09-20,14.740804660000027,1.93881887e+08,1.21186046e+08
2022-09-19,13.115112329999985,1.62907981e+08,1.06477103e+08
2022-09-18,12.176171550000015,1.45528935e+08,9.4530353e+07
2022-09-17,16.84695896000002,1.76575173e+08,1.13888143e+08
2022-09-16,19.074281950000028,1.64650406e+08,1.10042819e+08
2022-09-15,17.305996940000007,1.82211703e+08,1.19332498e+08
2022-09-14,17.119207889999995,1.86796608e+08,1.19099401e+08
2022-09-13,15.56089315999999,1.75471252e+08,1.13260245e+08
2022-09-12,12.97488112,1.87012322e+08,1.22265977e+08
2022-09-11,10.218868389999985,1.60364404e+08,1.04169241e+08
2022-09-10,12.41473712,1.65073418e+08,1.08063896e+08
2022-09-09,17.518217640000028,2.02449567e+08,1.33215194e+08
2022-09-08,15.388841479999977,1.75351598e+08,1.15471616e+08
2022-09-07,14.779833100000003,1.87064199e+08,1.20636895e+08
2022-09-06,15.291355139999988,1.78646759e+08,1.16116984e+08
2022-09-05,14.05168259999998,1.78425433e+08,1.17058082e+08
2022-09-04,10.468580169999983,1.44704041e+08,9.681828e+07
2022-09-03,14.517866339999983,1.75380947e+08,1.14981556e+08
2022-09-02,18.277006289999978,1.8156784e+08,1.18906798e+08
2022-09-01,14.718133370000011,1.7506357e+08,1.15506403e+08
2022-08-31,13.056036899999988,1.7704291e+08,1.17096983e+08
2022-08-30,12.10050822999999,1.81252147e+08,1.18554743e+08
2022-08-29,11.008257660000002,1.79074349e+08,1.17674039e+08
2022-08-28,7.495430410000002,1.41406663e+08,9.2557101e+07
2022-08-27,8.786082980000007,1.5546334e+08,1.02287357e+08
2022-08-26,11.316776899999986,1.7618478e+08,1.16260652e+08
2022-08-25,10.896988160000019,1.74017052e+08,1.13495746e+08
2022-08-24,9.779415540000015,1.68772257e+08,1.11457524e+08
2022-08-23,11.490086569999999,1.81117599e+08,1.16343954e+08
2022-08-22,10.548105879999978,1.63235198e+08,1.07740115e+08
2022-08-21,7.922607869999989,1.38072836e+08,8.9781574e+07
2022-08-20,9.040331009999981,1.50704964e+08,9.7680607e+07
2022-08-19,13.829029049999951,1.92259756e+08,1.24682299e+08
2022-08-18,14.945102960000048,2.017493e+08,1.32259414e+08
2022-08-17,15.181718969999947,1.71585831e+08,1.12186052e+08
2022-08-16,11.793985049999993,1.93883185e+08,1.22122546e+08
2022-08-15,10.516783189999986,1.71844068e+08,1.10888624e+08
2022-08-14,7.940145239999983,1.49288401e+08,9.8332537e+07
2022-08-13,11.56989907999997,1.5064993e+08,9.8277986e+07
2022-08-12,17.287081849999986,1.82914641e+08,1.195837e+08
2022-08-11,18.648618349999968,1.9023351e+08,1.21917413e+08
2022-08-10,19.064886800000007,2.01301416e+08,1.24149848e+08
2022-08-09,22.94095827999997,1.81796741e+08,1.15987398e+08
2022-08-08,15.522830249999984,1.65829636e+08,1.10015176e+08
2022-08-07,11.103388310000009,1.31187499e+08,8.6854451e+07
2022-08-06,13.55094461000002,1.63159794e+08,1.05554379e+08
2022-08-05,19.594202810000013,1.73515769e+08,1.13613499e+08
2022-08-04,17.569128100000004,1.77093715e+08,1.18470145e+08
2022-08-03,15.576572399999982,1.87352704e+08,1.22417161e+08
2022-08-02,15.174266540000023,1.77666103e+08,1.1487507e+08
2022-08-01,14.450534099999986,1.75023547e+08,1.14984807e+08
2022-07-31,10.946482860000069,1.40239508e+08,9.1607258e+07
2022-07-30,12.478252439999999,1.46995096e+08,9.6925548e+07
2022-07-29,15.169291159999991,1.81138996e+08,1.20399369e+08
2022-07-28,16.14132659999999,1.90129274e+08,1.24452439e+08
2022-07-27,12.14846597999998,1.68265496e+08,1.10062222e+08
2022-07-26,14.563572740000003,1.85458517e+08,1.19832504e+08
2022-07-25,12.659784689999993,1.68801367e+08,1.11844784e+08
2022-07-24,10.677899700000008,1.34548772e+08,8.8798887e+07
2022-07-23,13.450465030000041,1.47304871e+08,9.6549211e+07
2022-07-22,21.746582989999954,1.58784004e+08,1.0530506e+08
2022-07-21,24.191234769999994,1.85657871e+08,1.21542606e+08
2022-07-20,25.64368542000001,1.73186716e+08,1.11173804e+08
2022-07-19,26.684354779999957,1.93342619e+08,1.25680746e+08
2022-07-18,22.311000659999998,1.58063188e+08,1.04746247e+08
2022-07-17,15.801462509999975,1.37353305e+08,9.0888682e+07
2022-07-16,18.277772789999993,1.51572668e+08,9.8211527e+07
2022-07-15,26.064093880000076,1.91865456e+08,1.21950016e+08
2022-07-14,31.51426617999999,1.88398357e+08,1.2296188e+08
2022-07-13,23.022881029999954,1.48756325e+08,9.5100493e+07
2022-07-12,17.361912600000036,1.81835982e+08,1.18725473e+08
2022-07-11,15.348116380000022,1.48857672e+08,9.8196088e+07
2022-07-10,12.735425890000016,1.31396959e+08,8.5838745e+07
2022-07-09,15.831919259999989,1.43218322e+08,9.3886362e+07
2022-07-08,22.855290489999984,1.82639458e+08,1.19745495e+08
2022-07-07,24.38431144999997,1.98576463e+08,1.2807577e+08
2022-07-06,24.48460198999997,1.75668955e+08,1.1629297e+08
2022-07-05,19.729530309999983,1.55572715e+08,1.02078777e+08
2022-07-04,13.560073779999982,1.58068484e+08,1.04100953e+08
2022-07-03,9.999365670000001,1.32923313e+08,8.7157087e+07
2022-07-02,13.29966070000001,1.59615269e+08,1.03438379e+08
2022-07-01,18.09922209999997,1.68924645e+08,1.12063422e+08
2022-06-30,16.56350657000026,1.83208742e+08,1.20377703e+08
2022-06-29,13.474558509999955,1.84053548e+08,1.19971712e+08
2022-06-28,14.09781425999999,1.68691774e+08,1.12558911e+08
2022-06-27,14.389842699999967,1.95803849e+08,1.35917747e+08
2022-06-26,12.739636080000007,1.75429047e+08,1.37887834e+08
2022-06-25,13.38352602000003,1.63478722e+08,1.18161885e+08
2022-06-24,16.16066344,1.69214472e+08,1.11391553e+08
2022-06-23,14.80652652999987,1.61850512e+08,1.0805064e+08
2022-06-22,16.95518417999997,1.64952405e+08,1.09183831e+08
2022-06-21,16.311170560000033,1.70111351e+08,1.12211187e+08
2022-06-20,15.159494439999998,1.49208469e+08,9.8780347e+07
2022-06-19,12.867996819999936,1.38282086e+08,9.0702435e+07
2022-06-18,20.936404600000003,1.86235123e+08,1.19673172e+08
2022-06-17,21.80982509000016,1.56851144e+08,1.04114227e+08
2022-06-16,23.36316242000007,1.63331049e+08,1.075092e+08
2022-06-15,25.76594979000016,2.08908528e+08,1.39637575e+08
2022-06-14,26.09214359000004,2.10680636e+08,1.40603725e+08
2022-06-13,28.147869170000025,1.85109031e+08,1.26220981e+08
2022-06-12,9.708080710000017,1.38552429e+08,9.2008352e+07
2022-06-11,11.279893400000011,1.55196842e+08,1.03496794e+08
2022-06-10,13.571268300000044,1.67597088e+08,1.10019698e+08
2022-06-09,10.072286049999995,1.71363562e+08,1.11355496e+08
2022-06-08,10.82665855999999,1.71502909e+08,1.10999845e+08
2022-06-07,11.780820809999959,1.86614704e+08,1.1916314e+08
2022-06-06,12.701705940000021,1.81816785e+08,1.21562709e+08
2022-06-05,9.452513970000009,1.31954427e+08,8.6292974e+07
2022-06-04,12.575060299999986,1.45087973e+08,9.3920043e+07
2022-06-03,18.093262670000104,1.79210953e+08,1.15915745e+08
2022-06-02,19.52585209000002,1.77968733e+08,1.16434987e+08
2022-06-01,18.812943269999874,1.81911414e+08,1.17058128e+08
2022-05-31,13.704035040000033,1.89111966e+08,1.22747483e+08
2022-05-30,13.338120830000058,1.9380954e+08,1.25981812e+08
2022-05-29,9.962765560000022,1.52256124e+08,9.5535425e+07
2022-05-28,11.820500789999985,1.56215928e+08,9.8678535e+07
2022-05-27,17.45431313999999,1.74302569e+08,1.17318088e+08
2022-05-26,17.62638696999998,1.68674736e+08,1.11085355e+08
2022-05-25,19.467758539999913,1.95069162e+08,1.2732396e+08
2022-05-24,16.17041235000008,1.47412499e+08,9.6759261e+07
2022-05-23,15.826691359999987,1.82767699e+08,1.19383999e+08
2022-05-22,11.647103810000024,1.47071728e+08,9.343846e+07
2022-05-21,12.03080426000008,1.44599831e+08,9.627199e+07
2022-05-20,17.10025308000013,1.84695535e+08,1.20815388e+08
2022-05-19,17.089730740000054,1.62919657e+08,1.08957348e+08
2022-05-18,16.539443690000162,1.70676474e+08,1.09292829e+08
2022-05-17,18.911246130000016,2.14637373e+08,1.41217443e+08
2022-05-16,21.01381275000017,2.33762271e+08,1.62885753e+08
2022-05-15,16.286009210000124,1.8670305e+08,1.20941013e+08
2022-05-14,25.599530439999974,1.96879183e+08,1.40922406e+08
2022-05-13,31.539118489999993,1.9841226e+08,1.50888154e+08
2022-05-12,29.659489129999958,1.8728859e+08,1.34900467e+08
2022-05-11,21.61481428000002,1.79543742e+08,1.25266836e+08
2022-05-10,17.440956460000002,1.77928397e+08,1.16789892e+08
2022-05-09,19.787603759999975,1.93068277e+08,1.28400421e+08
2022-05-08,12.239537569999985,1.56879653e+08,1.04304781e+08
2022-05-07,13.78126821999999,1.52685119e+08,1.06421011e+08
2022-05-06,16.96160696999996,2.07205972e+08,1.349807e+08
2022-05-05,22.340750540000013,2.22838103e+08,1.56919653e+08
2022-05-04,12.61590687999999,1.59553283e+08,1.12665525e+08
2022-05-03,9.665812450000011,1.6863796e+08,1.09414215e+08
2022-05-02,10.650025110000005,1.78864516e+08,1.15558456e+08
2022-05-01,7.815164909999987,1.46108563e+08,9.4536901e+07
2022-04-30,10.461626429999983,1.8405345e+08,1.18896212e+08
2022-04-29,13.625224119999997,1.97568618e+08,1.29892696e+08
2022-04-28,11.27300062999997,1.80489877e+08,1.18825335e+08
2022-04-27,11.164919309999997,1.80580089e+08,1.18605535e+08
2022-04-26,11.307777760000006,1.73159728e+08,1.16149776e+08
2022-04-25,12.818948070000015,1.89210238e+08,1.30821383e+08
2022-04-24,6.7217489699999815,1.45410705e+08,9.6151593e+07
2022-04-23,8.203158969999993,1.5532994e+08,1.03483708e+08
2022-04-22,10.968648280000004,1.73700073e+08,1.12548276e+08
2022-04-21,10.872591589999988,1.87461451e+08,1.22853705e+08
2022-04-20,8.896209129999997,1.83783483e+08,1.2059736e+08
2022-04-19,9.369770330000001,1.68574545e+08,1.12392745e+08
2022-04-18,8.516320939999995,1.73281964e+08,1.13298875e+08
2022-04-17,5.341647119999985,1.36711137e+08,9.074915e+07
2022-04-16,6.426936649999971,1.39270057e+08,9.2667495e+07
2022-04-15,8.86315486999998,1.59843475e+08,1.06585758e+08
2022-04-14,11.061240959999992,1.69303359e+08,1.11957578e+08
2022-04-13,11.862761159999968,1.73805703e+08,1.16433997e+08
2022-04-12,10.71457581999999,1.91835318e+08,1.24146499e+08
2022-04-11,10.507280689999993,1.7884719e+08,1.1745891e+08
2022-04-10,6.829695579999994,1.34906984e+08,8.9154784e+07
2022-04-09,8.150468699999994,1.46635004e+08,9.7694465e+07
2022-04-08,11.471286849999963,1.6376429e+08,1.08939361e+08
2022-04-07,10.039681350000007,1.76527577e+08,1.17170259e+08
2022-04-06,10.290865589999969,1.70293707e+08,1.12727001e+08
2022-04-05,10.881241829999999,1.70430299e+08,1.12611518e+08
2022-04-04,12.55104003999997,1.8421225e+08,1.21482734e+08
2022-04-03,10.43589596999999,1.47525318e+08,9.8087369e+07
2022-04-02,12.947828549999995,1.7550855e+08,1.15263574e+08
2022-04-01,19.628647410000013,1.92703548e+08,1.29459975e+08
2022-03-31,16.59895384999997,1.76199002e+08,1.18585257e+08
2022-03-30,11.172714079999983,1.78332431e+08,1.18395502e+08
2022-03-29,9.959338999999996,1.76926879e+08,1.18686948e+08
2022-03-28,10.815168119999997,1.97807669e+08,1.31100111e+08
2022-03-27,7.47699296999998,1.42851857e+08,9.4335575e+07
2022-03-26,8.185598199999992,1.48444114e+08,9.7474212e+07
2022-03-25,12.908835439999974,2.00245938e+08,1.29747588e+08
2022-03-24,11.375784269999969,1.70373404e+08,1.13632473e+08
2022-03-23,10.826884389999982,1.8218088e+08,1.22065105e+08
2022-03-22,10.807448099999968,1.66021075e+08,1.13127406e+08
2022-03-21,9.490092379999979,1.6983696e+08,1.12911315e+08
2022-03-20,6.45894379999998,1.35282404e+08,9.0930764e+07
2022-03-19,8.045843869999976,1.60527363e+08,1.0670593e+08
2022-03-18,10.594884020000004,1.83074627e+08,1.19720799e+08
2022-03-17,10.508906589999977,1.87174381e+08,1.23635848e+08
2022-03-16,10.225095389999975,1.87885472e+08,1.23692692e+08
2022-03-15,9.816269800000004,1.71289301e+08,1.15917907e+08
2022-03-14,10.311670239999987,1.72888447e+08,1.14758233e+08
2022-03-13,6.771850899999983,1.34885062e+08,8.9605017e+07
2022-03-12,7.884152659999987,1.46884575e+08,9.6652165e+07
2022-03-11,11.032050499999988,1.69915021e+08,1.10099699e+08
2022-03-10,11.649466789999988,1.85782581e+08,1.21181269e+08
2022-03-09,11.261299100000006,1.72430922e+08,1.1556152e+08
2022-03-08,10.584156979999992,1.84029833e+08,1.18445228e+08
2022-03-07,11.280762469999967,1.74658623e+08,1.14695501e+08
2022-03-06,9.457117859999983,1.39881456e+08,9.3065033e+07
2022-03-05,11.260664489999998,1.47748232e+08,9.8059158e+07
2022-03-04,15.322010520000012,1.83109627e+08,1.19319733e+08
2022-03-03,20.29021530000001,1.88089186e+08,1.23923612e+08
2022-03-02,29.265981479999972,2.07034518e+08,1.35931245e+08
2022-03-01,19.430383469999967,2.07682644e+08,1.34640552e+08
2022-02-28,9.34059642999999,1.80007234e+08,1.20344324e+08
2022-02-27,6.941008799999976,1.38805544e+08,9.2191428e+07
2022-02-26,6.735534050000002,1.45652052e+08,9.5168015e+07
2022-02-25,11.500665540000007,1.73336004e+08,1.14451532e+08
2022-02-24,10.248720819999996,1.73423504e+08,1.16798963e+08
2022-02-23,8.067131069999975,1.55594739e+08,1.03506409e+08
2022-02-22,9.152503499999979,1.66881471e+08,1.09308411e+08
2022-02-21,9.555417659999982,1.60356545e+08,1.06455126e+08
2022-02-20,5.727916609999977,1.30130618e+08,8.546178e+07
2022-02-19,6.872953319999975,1.56698034e+08,1.00919624e+08
2022-02-18,9.413693890000031,1.73711328e+08,1.1629825e+08
2022-02-17,9.917910240000044,1.68395862e+08,1.11061782e+08
2022-02-16,10.08718333999998,1.6579311e+08,1.10419635e+08
2022-02-15,12.479707419999992,1.94181361e+08,1.25278844e+08
2022-02-14,11.161085029999978,1.61929173e+08,1.0740093e+08
2022-02-13,8.707643399999974,1.43487022e+08,9.3538183e+07
2022-02-12,12.37731194999996,2.42993573e+08,1.6990368e+08
2022-02-11,16.74292023999996,2.16787462e+08,1.41921536e+08
2022-02-10,19.58059811999998,2.04177889e+08,1.46906021e+08
2022-02-09,14.578782749999979,1.97790585e+08,1.34816207e+08
2022-02-08,14.503017129999979,1.95435055e+08,1.33497756e+08
2022-02-07,14.545818929999987,1.65921583e+08,1.10938407e+08
2022-02-06,10.267598420000008,1.69491444e+08,1.10590224e+08
2022-02-05,14.127738559999992,1.69991503e+08,1.17944619e+08
2022-02-04,13.956679519999987,1.57666206e+08,1.07303129e+08
2022-02-03,10.61692951999998,1.73847192e+08,1.15898511e+08
2022-02-02,12.27710049999998,1.82200216e+08,1.2196357e+08
2022-02-01,14.705298079999977,2.05913261e+08,1.40034109e+08
2022-01-31,13.023316969999987,2.0379435e+08,1.41910964e+08
2022-01-30,10.551002929999994,1.53018197e+08,1.12680459e+08
2022-01-29,12.331016269999983,1.55586492e+08,1.07047253e+08
2022-01-28,12.533588659999989,1.83120672e+08,1.18341816e+08
2022-01-27,11.650367639999969,1.6589615e+08,1.09945977e+08
2022-01-26,11.989245729999988,1.61253469e+08,1.06811442e+08
2022-01-25,10.85228723999999,1.63068863e+08,1.08229281e+08
2022-01-24,11.637544549999987,1.82407713e+08,1.21651878e+08
2022-01-23,7.684630589999981,1.36451232e+08,9.0173404e+07
2022-01-22,11.144466269999995,1.83723735e+08,1.24877354e+08
2022-01-21,12.14652138999999,1.88990036e+08,1.25667494e+08
2022-01-20,9.943625130000003,1.73398857e+08,1.17225924e+08
2022-01-19,8.66004882999996,1.72755815e+08,1.14233449e+08
2022-01-18,9.476112859999981,1.64643836e+08,1.09886568e+08
2022-01-17,9.08946148999998,1.79092572e+08,1.17989533e+08
2022-01-16,6.366740769999986,1.3480565e+08,9.1305814e+07
2022-01-15,7.428472629999962,1.41888166e+08,9.5917117e+07
2022-01-14,9.669204849999968,1.83010769e+08,1.1943004e+08
2022-01-13,10.437583140000008,1.70093776e+08,1.14097239e+08
2022-01-12,11.660433239999987,1.78151761e+08,1.17168963e+08
2022-01-11,11.710138530000012,1.75308376e+08,1.16401712e+08
2022-01-10,11.45594576999998,1.80068016e+08,1.18744457e+08
2022-01-09,7.865526149999975,1.31058662e+08,8.8353772e+07
2022-01-08,9.694179379999982,1.47742642e+08,9.7618597e+07
2022-01-07,14.302949689999993,1.78565702e+08,1.18603582e+08
2022-01-06,15.234401910000006,1.73421166e+08,1.1712912e+08
2022-01-05,15.839727270000006,1.85238015e+08,1.21734556e+08
2022-01-04,13.284019999999991,1.75800111e+08,1.17009169e+08
2022-01-03,11.588939959999985,1.65950879e+08,1.08250919e+08
2022-01-02,9.25751768999997,1.24519918e+08,8.3061699e+07
2022-01-01,9.313250859999973,1.19990005e+08,8.058178e+07
