DATE,Daily_Inscriptions,Total_Inscriptions,Ord_Size_Usage,Ord_vSize_Usage,Daily_fees,Total_fees
2023-10-18,7240,3.5441261e+07,1.4365462e+07,4.114818e+06,0.20127676999999958,2123.660175540008
2023-10-17,15544,3.5434021e+07,3.0875009e+07,8.845173e+06,0.23706977000000048,2123.458898770008
2023-10-16,12511,3.5418477e+07,9.453904e+06,3.277251e+06,0.12779528999999992,2123.2218290000083
2023-10-15,22120,3.5405966e+07,2.0434665e+07,6.817526e+06,0.17631790999999988,2123.0940337100083
2023-10-14,15783,3.5383846e+07,2.5055552e+07,7.527673e+06,0.26714176999999883,2122.9177158000084
2023-10-13,7620,3.5368063e+07,1.8497477e+07,5.19175e+06,0.39106854000000074,2122.6505740300086
2023-10-12,3960,3.5360443e+07,8.085431e+06,2.317033e+06,0.20339657999999997,2122.2595054900085
2023-10-11,7604,3.5356483e+07,7.956069e+06,2.553459e+06,0.15975101000000008,2122.0561089100083
2023-10-10,21223,3.5348879e+07,2.1302182e+07,6.993372e+06,0.20433137000000234,2121.8963579000083
2023-10-09,36418,3.5327656e+07,3.4857394e+07,1.1392696e+07,0.340458309999998,2121.692026530008
2023-10-08,32656,3.5291238e+07,3.5483376e+07,1.1345545e+07,0.3411260099999961,2121.351568220008
2023-10-07,9562,3.5258582e+07,1.268698e+07,3.938137e+06,0.16334611999999926,2121.010442210008
2023-10-06,26328,3.524902e+07,1.5360382e+07,5.929144e+06,0.28958394000001264,2120.847096090008
2023-10-05,38718,3.5222692e+07,2.2833505e+07,8.766218e+06,0.5771220300000057,2120.5575121500083
2023-10-04,16969,3.5183974e+07,4.2387329e+07,1.2050593e+07,0.6480238699999995,2119.9803901200085
2023-10-03,16773,3.5167005e+07,6.3448261e+07,1.7182172e+07,0.5832315299999984,2119.3323662500084
2023-10-02,52313,3.5150232e+07,6.9405216e+07,2.300571e+07,0.6835583899999393,2118.7491347200084
2023-10-01,87180,3.5097919e+07,7.3030798e+07,2.6223227e+07,0.9306901799999548,2118.0655763300083
2023-09-30,35950,3.5010739e+07,4.65136e+07,1.4468237e+07,0.7328960000000079,2117.1348861500082
2023-09-29,44746,3.4974789e+07,4.5555947e+07,1.4973889e+07,0.8508783299999976,2116.4019901500083
2023-09-28,100256,3.4930043e+07,6.0546705e+07,2.1895025e+07,1.4136452000001118,2115.5511118200084
2023-09-27,64132,3.4829787e+07,3.1594424e+07,1.2303296e+07,1.0222434099999949,2114.137466620008
2023-09-26,50105,3.4765655e+07,3.6327384e+07,1.3228536e+07,1.303406079999997,2113.115223210008
2023-09-25,31251,3.471555e+07,3.5158191e+07,1.1240451e+07,1.3350803399999895,2111.811817130008
2023-09-24,232104,3.4684299e+07,7.6602767e+07,3.5142433e+07,6.818145080000033,2110.476736790008
2023-09-23,337339,3.4452195e+07,1.01304458e+08,4.8275315e+07,11.736812760001394,2103.658591710008
2023-09-22,188968,3.4114856e+07,5.7180015e+07,2.7116925e+07,6.614542400000292,2091.9217789500062
2023-09-21,188343,3.3925888e+07,5.8281824e+07,2.7395985e+07,6.2342061899997505,2085.307236550006
2023-09-20,240756,3.3737545e+07,7.6133813e+07,3.604313e+07,7.9062950000003225,2079.073030360006
2023-09-19,241153,3.3496789e+07,7.6332377e+07,3.5968482e+07,8.456080369999798,2071.166735360006
2023-09-18,402535,3.3255636e+07,1.25892783e+08,5.9340353e+07,13.363706809999744,2062.7106549900063
2023-09-17,419147,3.2853101e+07,1.31574755e+08,6.1337772e+07,9.509974429998923,2049.3469481800066
2023-09-16,381189,3.2433954e+07,1.1986731e+08,5.5537289e+07,7.376208290000129,2039.8369737500077
2023-09-15,440760,3.2052765e+07,1.45057536e+08,6.63898e+07,8.55552242000068,2032.4607654600077
2023-09-14,331494,3.1612005e+07,1.07116793e+08,4.860304e+07,6.298418770000199,2023.905243040007
2023-09-13,262667,3.1280511e+07,8.3736485e+07,3.8108287e+07,5.006563759999873,2017.6068242700069
2023-09-12,211113,3.1017844e+07,6.82049e+07,3.1407644e+07,4.437021509999859,2012.600260510007
2023-09-11,205185,3.0806731e+07,6.5809945e+07,2.9928905e+07,4.280538519999246,2008.1632390000073
2023-09-10,364876,3.0601546e+07,1.12295752e+08,5.1628081e+07,7.675967839999996,2003.882700480008
2023-09-09,381251,3.023667e+07,1.16907683e+08,5.3405072e+07,8.421045139999343,1996.206732640008
2023-09-08,175396,2.9855419e+07,5.6724587e+07,2.5386708e+07,4.013122389999923,1987.7856875000089
2023-09-07,286433,2.9680023e+07,8.9336383e+07,4.1743946e+07,7.099442059999778,1983.7725651100088
2023-09-06,241426,2.939359e+07,6.8210114e+07,3.5238438e+07,6.238628010000305,1976.673123050009
2023-09-05,230102,2.9152164e+07,5.4191315e+07,2.8912691e+07,4.142393780000782,1970.4344950400086
2023-09-04,336702,2.8922062e+07,9.7259395e+07,4.6732745e+07,5.0643670700004835,1966.292101260008
2023-09-03,418240,2.858536e+07,1.30996107e+08,5.9660306e+07,5.581534319999919,1961.2277341900074
2023-09-02,307495,2.816712e+07,1.11608799e+08,4.8022169e+07,5.063171849999804,1955.6461998700074
2023-09-01,138090,2.7859625e+07,8.0052166e+07,2.941108e+07,3.009550349999737,1950.5830280200075
2023-08-31,140031,2.7721535e+07,6.2294144e+07,2.5590083e+07,3.119847699999891,1947.5734776700078
2023-08-30,155962,2.7581504e+07,5.1658974e+07,2.3446589e+07,1.8479931799999694,1944.453629970008
2023-08-29,240270,2.7425542e+07,8.5310542e+07,3.6728228e+07,2.587005950000027,1942.605636790008
2023-08-28,97565,2.7185272e+07,3.6303643e+07,1.5341837e+07,1.0293853899999683,1940.018630840008
2023-08-27,226771,2.7087707e+07,7.6610696e+07,3.3817618e+07,2.1586596200000536,1938.989245450008
2023-08-26,281164,2.6860936e+07,8.8821993e+07,3.9706867e+07,2.513281230000104,1936.830585830008
2023-08-25,174556,2.6579772e+07,6.0829745e+07,2.6207583e+07,1.7341117499999619,1934.317304600008
2023-08-24,163637,2.6405216e+07,5.3406943e+07,2.3625217e+07,1.571697840000042,1932.583192850008
2023-08-23,181571,2.6241579e+07,6.5488475e+07,2.8303822e+07,2.0203229100000453,1931.0114950100078
2023-08-22,169129,2.6060008e+07,7.0962363e+07,2.8547894e+07,1.9404915699998777,1928.9911721000078
2023-08-21,307191,2.5890879e+07,9.7498384e+07,4.4152752e+07,2.7477620200003052,1927.0506805300079
2023-08-20,411511,2.5583688e+07,1.32666858e+08,5.9964801e+07,3.7201222799995675,1924.3029185100077
2023-08-19,300653,2.5172177e+07,9.6352612e+07,4.3154649e+07,2.721629249999597,1920.5827962300082
2023-08-18,154076,2.4871524e+07,5.9411089e+07,2.4793632e+07,1.9019633499999302,1917.8611669800086
2023-08-17,236672,2.4717448e+07,7.8325731e+07,3.562924e+07,2.5110525299999593,1915.9592036300087
2023-08-16,310355,2.4480776e+07,1.04506292e+08,4.7015261e+07,3.0798510900000813,1913.4481511000088
2023-08-15,331184,2.4170421e+07,1.08869711e+08,4.9303379e+07,3.23645865000026,1910.3683000100086
2023-08-14,317350,2.3839237e+07,1.19879078e+08,5.0863875e+07,3.4149074000003035,1907.1318413600084
2023-08-13,301844,2.3521887e+07,1.01171342e+08,4.6510145e+07,3.0968288500003016,1903.716933960008
2023-08-12,279231,2.3220043e+07,9.7929885e+07,4.3475798e+07,2.963035509999925,1900.6201051100077
2023-08-11,252653,2.2940812e+07,8.1064436e+07,3.680175e+07,2.685105119999865,1897.6570696000078
2023-08-10,111832,2.2688159e+07,3.9886834e+07,1.7434514e+07,1.2916322899999648,1894.971964480008
2023-08-09,242004,2.2576327e+07,8.8848145e+07,3.8411083e+07,2.7873602800001147,1893.680332190008
2023-08-08,76809,2.2334323e+07,3.3223491e+07,1.3522136e+07,1.028331840000003,1890.8929719100079
2023-08-07,184892,2.2257514e+07,8.9889424e+07,3.5554522e+07,2.9664186299997275,1889.864640070008
2023-08-06,408810,2.2072622e+07,1.41145648e+08,6.3563154e+07,4.042532850000633,1886.8982214400082
2023-08-05,253222,2.1663812e+07,9.5170154e+07,4.0665091e+07,2.7693031099999548,1882.8556885900075
2023-08-04,81289,2.141059e+07,3.3610238e+07,1.4671672e+07,1.4924596700000345,1880.0863854800075
2023-08-03,204421,2.1329301e+07,7.0810615e+07,3.2816581e+07,2.9475977400000977,1878.5939258100075
2023-08-02,121570,2.112488e+07,5.28956e+07,2.2537474e+07,1.728085399999802,1875.6463280700075
2023-08-01,136772,2.100331e+07,5.8211283e+07,2.384986e+07,1.6773569099999524,1873.9182426700077
2023-07-31,197559,2.0866538e+07,7.4025263e+07,3.2763122e+07,2.12736682000009,1872.2408857600078
2023-07-30,422164,2.0668979e+07,1.39127829e+08,6.3448886e+07,4.0025661800004775,1870.1135189400077
2023-07-29,198367,2.0246815e+07,6.8032438e+07,3.0387777e+07,1.9923756299998319,1866.1109527600072
2023-07-28,185475,2.0048448e+07,6.4943547e+07,2.8797694e+07,1.9951023300000177,1864.1185771300075
2023-07-27,146257,1.9862973e+07,6.2222411e+07,2.6919022e+07,2.5445076900000765,1862.1234748000074
2023-07-26,196286,1.9716716e+07,7.7111394e+07,3.4206752e+07,2.4630644800000066,1859.5789671100074
2023-07-25,209062,1.952043e+07,7.9865238e+07,3.5158118e+07,2.220529709999985,1857.1159026300074
2023-07-24,283718,1.9311368e+07,1.03647273e+08,4.8052989e+07,3.4797061599999757,1854.8953729200075
2023-07-23,352247,1.902765e+07,1.24771064e+08,5.7694588e+07,3.6342352700002225,1851.4156667600075
2023-07-22,89598,1.8675403e+07,3.409977e+07,1.5028392e+07,1.48760028999985,1847.7814314900072
2023-07-21,66053,1.8585805e+07,2.9429826e+07,1.2819406e+07,1.0207703599998532,1846.2938312000074
2023-07-20,144394,1.8519752e+07,5.225525e+07,2.4705648e+07,2.741376810000128,1845.2730608400075
2023-07-19,216614,1.8375358e+07,1.01295238e+08,4.2784515e+07,2.5799590800001204,1842.5316840300075
2023-07-18,323964,1.8158744e+07,1.23195515e+08,5.4952452e+07,3.551047259999706,1839.9517249500072
2023-07-17,179799,1.783478e+07,6.5525462e+07,3.0813164e+07,2.0862687100001724,1836.4006776900076
2023-07-16,385604,1.7654981e+07,1.35638797e+08,6.2949525e+07,3.752692029999971,1834.3144089800073
2023-07-15,262060,1.7269377e+07,9.2804524e+07,4.1375705e+07,2.691972170000259,1830.5617169500074
2023-07-14,142875,1.7007317e+07,5.199918e+07,2.4059257e+07,1.6580772900000307,1827.869744780007
2023-07-13,116310,1.6864442e+07,4.6826113e+07,2.0433922e+07,1.4190756200000436,1826.2116674900071
2023-07-12,208219,1.6748132e+07,8.8455295e+07,3.8115306e+07,2.719664660000216,1824.792591870007
2023-07-11,181935,1.6539913e+07,7.7384697e+07,3.2872584e+07,1.833734729999979,1822.0729272100068
2023-07-10,256680,1.6357978e+07,9.7945152e+07,4.6805689e+07,2.3899825500001506,1820.2391924800067
2023-07-09,385920,1.6101298e+07,1.43287915e+08,6.4810884e+07,2.629919609999961,1817.8492099300065
2023-07-08,350524,1.5715378e+07,1.36156683e+08,6.0291509e+07,2.5483921600003847,1815.2192903200066
2023-07-07,287826,1.5364854e+07,1.35724363e+08,5.522437e+07,2.702525210000116,1812.6708981600063
2023-07-06,127182,1.5077028e+07,5.6760644e+07,2.3707707e+07,1.3499213100000622,1809.9683729500061
2023-07-05,186076,1.4949846e+07,8.120058e+07,3.5096526e+07,2.0075057300001244,1808.618451640006
2023-07-04,104072,1.476377e+07,6.3854616e+07,2.3922013e+07,1.5958129500000213,1806.610945910006
2023-07-03,62775,1.4659698e+07,6.8191177e+07,2.2047086e+07,2.056143689999992,1805.015132960006
2023-07-02,97081,1.4596923e+07,7.3858321e+07,2.6140566e+07,2.541543160000135,1802.958989270006
2023-07-01,84141,1.4499842e+07,4.1281435e+07,1.6491015e+07,1.9132623999998444,1800.4174461100058
2023-06-30,149691,1.4415701e+07,6.4245146e+07,2.6854877e+07,3.139844119999743,1798.504183710006
2023-06-29,162508,1.426601e+07,7.3791686e+07,3.1073647e+07,4.226956440000169,1795.3643395900062
2023-06-28,96561,1.4103502e+07,4.9295116e+07,1.9689496e+07,2.888900720000159,1791.1373831500061
2023-06-27,181895,1.4006941e+07,8.2538735e+07,3.4696693e+07,4.643637250000379,1788.2484824300059
2023-06-26,154685,1.3825046e+07,7.5496385e+07,3.0713372e+07,4.480997009999996,1783.6048451800054
2023-06-25,169958,1.3670361e+07,1.20743009e+08,4.3607026e+07,5.873022850000249,1779.1238481700054
2023-06-24,127732,1.3500403e+07,8.6413615e+07,3.2292672e+07,5.025484000000226,1773.250825320005
2023-06-23,105025,1.3372671e+07,5.4385131e+07,2.2565606e+07,4.701060109999971,1768.2253413200049
2023-06-22,112013,1.3267646e+07,5.1709216e+07,2.2628056e+07,5.304110030000245,1763.5242812100048
2023-06-21,85392,1.3155633e+07,3.8492223e+07,1.6830882e+07,4.013232510000123,1758.2201711800046
2023-06-20,171807,1.3070241e+07,7.7679886e+07,3.4069424e+07,6.681198020000364,1754.2069386700045
2023-06-19,170298,1.2898434e+07,8.9627361e+07,3.6442254e+07,4.5979780600001074,1747.525740650004
2023-06-18,222826,1.2728136e+07,1.62283162e+08,5.8831365e+07,7.8921396599998035,1742.927762590004
2023-06-17,204802,1.250531e+07,9.6652199e+07,4.2368541e+07,9.023088910000096,1735.0356229300041
2023-06-16,204871,1.2300508e+07,9.0057118e+07,3.9955581e+07,6.220822519999524,1726.012534020004
2023-06-15,146018,1.2095637e+07,1.00178662e+08,3.8539382e+07,6.43279125999973,1719.7917115000046
2023-06-14,72065,1.1949619e+07,4.3357316e+07,1.7105716e+07,2.9710447200000476,1713.3589202400049
2023-06-13,143218,1.1877554e+07,9.9758183e+07,3.8049443e+07,5.613227749999921,1710.3878755200049
2023-06-12,107109,1.1734336e+07,7.8409426e+07,2.9254971e+07,3.959747769999831,1704.774647770005
2023-06-11,174677,1.1627227e+07,1.58898372e+08,5.5674392e+07,7.152638330000234,1700.814900000005
2023-06-10,97375,1.145255e+07,1.1549819e+08,3.7630024e+07,6.131717109999947,1693.662261670005
2023-06-09,91730,1.1355175e+07,6.4690693e+07,2.4819354e+07,6.504393049999998,1687.530544560005
2023-06-08,104583,1.1263445e+07,8.2723879e+07,3.0610755e+07,9.059644940000062,1681.0261515100049
2023-06-07,52947,1.1158862e+07,3.2870698e+07,1.2912933e+07,7.316788080000116,1671.9665065700049
2023-06-06,114204,1.1105915e+07,7.5444184e+07,2.9292357e+07,9.589139619999974,1664.6497184900047
2023-06-05,93196,1.0991711e+07,5.6804383e+07,2.3229469e+07,8.518715420000133,1655.0605788700047
2023-06-04,133785,1.0898515e+07,1.08654307e+08,3.9385512e+07,6.908125030000168,1646.5418634500047
2023-06-03,125528,1.076473e+07,7.2882106e+07,2.9649851e+07,6.442194870000196,1639.6337384200046
2023-06-02,140128,1.0639202e+07,7.1862083e+07,3.1070657e+07,7.903189390000261,1633.1915435500046
2023-06-01,70773,1.0499074e+07,4.6965082e+07,1.8280948e+07,7.014211759999949,1625.2883541600042
2023-05-31,131933,1.0428301e+07,7.7310272e+07,3.1099205e+07,12.26608645000013,1618.2741424000044
2023-05-30,208136,1.0296368e+07,9.7679774e+07,4.3743509e+07,19.838130150000666,1606.0080559500043
2023-05-29,262889,1.0088232e+07,1.19641134e+08,5.4767731e+07,19.454688300000434,1586.1699258000035
2023-05-28,233450,9.825343e+06,1.14220979e+08,4.9234253e+07,15.793953029999885,1566.715237500003
2023-05-27,207299,9.591893e+06,1.1390608e+08,4.5780392e+07,13.724088749999126,1550.9212844700032
2023-05-26,152512,9.384594e+06,7.9725476e+07,3.3373662e+07,15.053092389999785,1537.1971957200042
2023-05-25,150558,9.232082e+06,9.525122e+07,3.803766e+07,20.491003009999645,1522.1441033300043
2023-05-24,146349,9.081524e+06,9.6048567e+07,3.7535141e+07,12.206931609999689,1501.6531003200048
2023-05-23,254560,8.935175e+06,1.28669225e+08,5.6636474e+07,16.6651661400003,1489.4461687100052
2023-05-22,237418,8.680615e+06,1.03858772e+08,4.9306385e+07,17.457878550000945,1472.7810025700048
2023-05-21,246923,8.443197e+06,1.42153096e+08,5.9175372e+07,20.94159528999969,1455.323124020004
2023-05-20,186125,8.196274e+06,9.2151221e+07,4.0827076e+07,22.145738839999623,1434.3815287300042
2023-05-19,218644,8.010149e+06,1.03416542e+08,4.6919205e+07,30.815236750000178,1412.2357898900045
2023-05-18,197692,7.791505e+06,8.331693e+07,3.9910418e+07,20.580510140000033,1381.4205531400044
2023-05-17,287069,7.593813e+06,1.12205251e+08,5.6232442e+07,22.806032569999132,1360.8400430000042
2023-05-16,282467,7.306744e+06,1.15313569e+08,5.5937917e+07,32.86931537999992,1338.034010430005
2023-05-15,268094,7.024277e+06,1.12777272e+08,5.4058422e+07,18.637467339998892,1305.164695050005
2023-05-14,374037,6.756183e+06,1.52783222e+08,7.4525926e+07,27.29335098999867,1286.5272277100062
2023-05-13,344989,6.382146e+06,1.31705634e+08,6.6252318e+07,34.53894988000065,1259.2338767200074
2023-05-12,253474,6.037157e+06,9.7606435e+07,4.9013869e+07,40.68645422999843,1224.6949268400067
2023-05-11,281234,5.783683e+06,1.18643222e+08,5.6944615e+07,35.17102897000058,1184.0084726100083
2023-05-10,354698,5.502449e+06,1.36474113e+08,6.8147331e+07,98.39025561000051,1148.8374436400077
2023-05-09,321896,5.147751e+06,1.17320755e+08,6.0531606e+07,151.0524060700014,1050.447188030007
2023-05-08,324594,4.825855e+06,1.16543502e+08,5.9969328e+07,257.7042513000004,899.3947819600057
2023-05-07,400091,4.501261e+06,1.45127136e+08,7.542531e+07,247.0728743400065,641.6905306600053
2023-05-06,324804,4.10117e+06,1.21013508e+08,6.2035224e+07,65.1268671899997,394.6176563199988
2023-05-05,144316,3.776366e+06,5.3190373e+07,2.7178913e+07,21.442821010000024,329.4907891299991
2023-05-04,206669,3.63205e+06,7.6260536e+07,3.838079e+07,14.923160600000317,308.04796811999904
2023-05-03,159616,3.425381e+06,5.9217044e+07,2.981851e+07,14.334094830000069,293.12480751999874
2023-05-02,196759,3.265765e+06,7.3283507e+07,3.7891337e+07,28.405713419998943,278.79071268999866
2023-05-01,372832,3.069006e+06,1.35923024e+08,6.9048109e+07,23.00273181000073,250.38499926999972
2023-04-30,307365,2.696174e+06,1.11432559e+08,5.7096635e+07,15.78393044999902,227.38226745999899
2023-04-29,223311,2.388809e+06,8.0964016e+07,4.1023116e+07,11.062606649999907,211.59833700999997
2023-04-28,177498,2.165498e+06,6.7781357e+07,3.4672313e+07,6.771304039999835,200.53573036000006
2023-04-27,124021,1.988e+06,4.762433e+07,2.3970205e+07,5.6710819799999435,193.7644263200002
2023-04-26,151000,1.863979e+06,5.9743881e+07,2.9840484e+07,4.0759329600000935,188.09334434000027
2023-04-25,83893,1.712979e+06,3.6821874e+07,1.7415032e+07,1.9889518100000132,184.01741138000017
2023-04-24,87739,1.629086e+06,6.2665008e+07,2.3765408e+07,1.0402347600000093,182.02845957000017
2023-04-23,193063,1.541347e+06,9.1661579e+07,4.1416483e+07,1.6385488300000466,180.98822481000016
2023-04-22,99687,1.348284e+06,9.2584184e+07,3.2022587e+07,1.1878773799999793,179.34967598000011
2023-04-21,55495,1.248597e+06,7.2537599e+07,2.2239934e+07,0.6464405399999973,178.16179860000014
2023-04-20,8844,1.193102e+06,4.819261e+07,1.2729518e+07,0.30556513000000135,177.51535806000015
2023-04-19,11102,1.184258e+06,6.4457164e+07,1.6965188e+07,0.490393069999999,177.20979293000016
2023-04-18,15025,1.173156e+06,5.475509e+07,1.4881803e+07,0.489187350000001,176.71939986000015
2023-04-17,30622,1.158131e+06,6.6687309e+07,1.9076358e+07,0.8355751199999883,176.23021251000014
2023-04-16,7117,1.127509e+06,6.534971e+07,1.6888916e+07,0.6280556699999984,175.39463739000016
2023-04-15,9449,1.120392e+06,7.6612585e+07,1.9866485e+07,0.8992325799999996,174.76658172000015
2023-04-14,7308,1.110943e+06,5.6319624e+07,1.4648331e+07,0.48247601000000007,173.86734914000016
2023-04-13,8225,1.103635e+06,6.1328539e+07,1.5957495e+07,0.797170350000001,173.38487313000016
2023-04-12,15551,1.09541e+06,1.07868132e+08,2.8143051e+07,1.448823829999997,172.58770278000017
2023-04-11,16296,1.079859e+06,3.2554015e+07,9.438217e+06,0.6392627099999966,171.13887895000016
2023-04-10,12891,1.063563e+06,2.8313434e+07,8.11478e+06,0.5216330699999981,170.49961624000017
2023-04-09,37758,1.050672e+06,1.11536712e+08,3.0684232e+07,1.417633840000015,169.97798317000016
2023-04-08,36784,1.012914e+06,1.75546154e+08,4.6875824e+07,3.621476979999992,168.56034933000015
2023-04-07,37421,976130,9.501617e+07,2.6712478e+07,2.2287135799999875,164.93887235000017
2023-04-06,26087,938709,1.25088759e+08,3.3330294e+07,1.9665900200000035,162.7101587700002
2023-04-05,31558,912622,8.7907636e+07,2.4572669e+07,2.113516960000005,160.74356875000018
2023-04-04,76374,881064,8.6071564e+07,2.7784513e+07,2.262512490000023,158.63005179000018
2023-04-03,47944,804690,5.2706059e+07,1.7040157e+07,1.2763796400000018,156.36753930000015
2023-04-02,72328,756746,9.9142212e+07,3.0984235e+07,3.1391169500000635,155.09115966000013
2023-04-01,21287,684418,6.8602107e+07,1.8830278e+07,1.579866050000006,151.95204271000006
2023-03-31,5548,663131,5.6136508e+07,1.4461282e+07,0.7427402499999995,150.37217666000006
2023-03-30,13511,657583,1.37756616e+08,3.5448828e+07,1.9276031499999997,149.62943641000007
2023-03-29,9861,644072,1.18661024e+08,3.041041e+07,1.696563399999999,147.70183326000006
2023-03-28,17993,634211,6.6339043e+07,1.7889099e+07,1.126457059999999,146.00526986000006
2023-03-27,12862,616218,7.1488895e+07,1.8820371e+07,1.1546270000000007,144.87881280000005
2023-03-26,9306,603356,1.64926423e+08,4.1958309e+07,3.147163980000001,143.72418580000004
2023-03-25,12651,594050,1.44704336e+08,3.7165414e+07,4.953550690000002,140.57702182000006
2023-03-24,4741,581399,2.43209485e+08,6.11865e+07,13.39517616,135.62347113000004
2023-03-23,3629,576658,3.00053853e+08,7.5291247e+07,12.067231580000001,122.22829497000005
2023-03-22,3772,573029,1.76685935e+08,4.4463679e+07,5.11923173,110.16106339000005
2023-03-21,18355,569257,1.1384116e+08,2.9895726e+07,2.30080338000001,105.04183166000006
2023-03-20,19634,550902,1.26595938e+08,3.3179796e+07,2.7207256599999945,102.74102828000005
2023-03-19,14664,531268,1.93331227e+08,4.9492171e+07,4.098495469999998,100.02030262000005
2023-03-18,14248,516604,1.98834029e+08,5.0860781e+07,2.9338043999999988,95.92180715000005
2023-03-17,11759,502356,9.1758562e+07,2.3893807e+07,3.180751879999998,92.98800275000005
2023-03-16,6481,490597,1.09628442e+08,2.7959616e+07,3.71166016,89.80725087000005
2023-03-15,20221,484116,1.12269556e+08,2.9600024e+07,2.060633949999998,86.09559071000005
2023-03-14,7225,463895,7.1875056e+07,1.8589956e+07,0.8081784999999989,84.03495676000006
2023-03-13,14568,456670,1.44192231e+08,3.7304161e+07,2.8587772599999925,83.22677826000006
2023-03-12,17382,442102,2.22857357e+08,5.6993992e+07,1.7416792899999924,80.36800100000006
2023-03-11,25205,424720,2.0765188e+08,5.3745136e+07,2.129380779999998,78.62632171000007
2023-03-10,14031,399515,7.9127724e+07,2.0955806e+07,1.8822265400000013,76.49694093000006
2023-03-09,31692,385484,8.5205655e+07,2.4184119e+07,4.30890677000002,74.61471439000006
2023-03-08,8729,353792,1.06027003e+08,2.7170787e+07,1.2622267800000002,70.30580762000004
2023-03-07,18773,345063,1.42526786e+08,3.7048023e+07,1.449320300000002,69.04358084000003
2023-03-06,13994,326290,7.8843584e+07,2.079568e+07,0.9154741300000011,67.59426054000004
2023-03-05,16001,312296,1.12275166e+08,2.925896e+07,1.02767433,66.67878641000003
2023-03-04,19359,296295,1.68413812e+08,4.3588356e+07,1.6115742100000008,65.65111208000003
2023-03-03,18081,276936,1.40001972e+08,3.6426203e+07,1.5644701699999979,64.03953787000003
2023-03-02,15436,258855,1.31878099e+08,3.4208489e+07,1.499279350000002,62.47506770000003
2023-03-01,24825,243419,1.7235643e+08,4.4877158e+07,1.8958013600000008,60.97578835000003
2023-02-28,15748,218594,8.3063444e+07,2.1880408e+07,1.0844956600000026,59.07998699000003
2023-02-27,7938,202846,5.3707931e+07,1.3991471e+07,0.8973782000000022,57.99549133000003
2023-02-26,14493,194908,1.79400732e+08,4.5907824e+07,1.3315094699999999,57.09811313000002
2023-02-25,7181,180415,6.1710602e+07,1.5936726e+07,0.7722684899999994,55.76660366000002
2023-02-24,5397,173234,7.009365e+07,1.7905631e+07,0.7124056000000004,54.99433517000002
2023-02-23,4340,167837,1.27157271e+08,3.2093337e+07,1.72469549,54.28192957000002
2023-02-22,3914,163497,7.0916839e+07,1.8006995e+07,1.09936717,52.557234080000015
2023-02-21,7464,159583,1.32253274e+08,3.3592166e+07,1.1739418399999992,51.457866910000014
2023-02-20,4419,152119,1.49246718e+08,3.7625163e+07,2.2176803200000004,50.283925070000016
2023-02-19,5162,147700,1.94074174e+08,4.8880294e+07,1.374057130000001,48.06624475000002
2023-02-18,10863,142538,1.53314785e+08,3.9098546e+07,1.936007440000005,46.69218762000001
2023-02-17,7398,131675,1.42596625e+08,3.617374e+07,2.799250310000002,44.75618018000001
2023-02-16,11356,124277,1.78080862e+08,4.5325919e+07,4.01652043,41.95692987
2023-02-15,17796,112921,1.87448571e+08,4.8123572e+07,7.5536673400000005,37.94040944
2023-02-14,16639,95125,2.12204193e+08,5.4230007e+07,5.217464870000005,30.386742100000003
2023-02-13,9420,78486,1.73842045e+08,4.412817e+07,3.1616231400000006,25.16927723
2023-02-12,9632,69066,2.64769342e+08,6.6873863e+07,4.21841282,22.00765409
2023-02-11,9092,59434,2.0378954e+08,5.1591624e+07,3.3844939300000014,17.789241269999998
2023-02-10,6697,50342,1.45240754e+08,3.6784943e+07,3.886049530000001,14.404747339999997
2023-02-09,21824,43645,1.67134921e+08,4.3316592e+07,3.3333380999999997,10.518697809999995
2023-02-08,8313,21821,1.3301273e+08,3.383983e+07,1.6407635199999968,7.185359709999997
2023-02-07,4681,13508,1.45238873e+08,3.6640704e+07,2.628911789999999,5.54459619
2023-02-06,3555,8827,1.64774347e+08,4.1445377e+07,1.2866315400000004,2.915684400000001
2023-02-05,2760,5272,1.02896321e+08,2.5919282e+07,0.5323239700000001,1.6290528600000003
2023-02-04,1114,2512,5.875871e+07,1.476863e+07,0.41451408000000006,1.09672889
2023-02-03,246,1398,1.2644406e+07,3.178536e+06,0.17848493,0.68221481
2023-02-02,473,1152,1.7786829e+07,4.480228e+06,0.14730395999999998,0.50372988
2023-02-01,225,679,1.4087307e+07,3.537775e+06,0.19913455,0.35642592
2023-01-31,104,454,4.33696e+06,1.091614e+06,0.09889872000000001,0.15729137
2023-01-30,82,350,3.977673e+06,1.000229e+06,0.029578390000000003,0.058392650000000004
2023-01-29,128,268,4.541483e+06,1.14444e+06,0.01152556,0.028814259999999998
2023-01-28,16,140,925825,232592,0.0023259200000000004,0.017288699999999997
2023-01-27,19,124,183636,47257,0.0005482099999999999,0.014962779999999998
2023-01-26,12,105,243183,61648,0.0012903200000000002,0.014414569999999998
2023-01-25,9,93,188104,47666,0.00056778,0.013124249999999999
2023-01-24,4,84,114530,28916,0.00040001,0.012556469999999998
2023-01-23,23,80,1.547317e+06,388461,0.00434791,0.01215646
2023-01-22,34,57,1.992331e+06,500492,0.005272369999999999,0.007808549999999999
2023-01-21,5,23,87422,22210,0.00065567,0.00253618
2023-01-20,3,18,306219,76767,0.00076767,0.00188051
2023-01-19,5,15,338123,84884,0.00084884,0.00111284
2023-01-16,1,10,34592,8719,8.719e-05,0.000264
2023-01-15,1,9,28849,7283,7.283e-05,0.00017681
2023-01-13,2,8,6649,1804,1.804e-05,0.00010398
2023-01-12,1,6,455,185,1.85e-06,8.594000000000001e-05
2023-01-10,1,5,463,187,1.87e-06,8.409e-05
2023-01-05,1,4,565,203,2.03e-06,8.222000000000001e-05
2022-12-19,1,3,9667,2479,2.479e-05,8.019e-05
2022-12-17,1,2,20624,5218,5.218e-05,5.54e-05
2022-12-14,1,1,1040,322,3.22e-06,3.22e-06
