DATE,MIME_types,Inscriptions,Ord_Daily_fees,Ord_Size,Ord_vSize
2023-10-19,audio,3,3.384e-05,948,423
2023-10-19,application,2,5.622e-05,1188,439
2023-10-19,image,2813,0.17967216999999994,2.5772061e+07,6.644017e+06
2023-10-19,text,8698,0.05552250999999994,2.776537e+06,1.354556e+06
2023-10-19,other,2,0.00066756,31061,7954
2023-10-19,model,5,6.435e-05,1615,715
2023-10-18,audio,1,0.00154395,205482,51465
2023-10-18,application,3,0.00111574,39456,10076
2023-10-18,video,10,0.0002907,3270,1530
2023-10-18,image,1634,0.22138808000000004,1.9283006e+07,4.944028e+06
2023-10-18,model,1,1.001e-05,323,143
2023-10-18,text,10987,0.06483636999999967,3.543723e+06,1.658308e+06
2023-10-17,application,3,0.0014964899999999998,170809,42929
2023-10-17,other,1,0.00059896,59611,14974
2023-10-17,model,283,0.002193250000000004,94805,43865
2023-10-17,audio,1,0.0003954,39257,9885
2023-10-17,text,14105,0.09819212999999997,6.716653e+06,2.701526e+06
2023-10-17,image,1145,0.1339776300000001,2.3786686e+07,6.029456e+06
2023-10-17,video,6,0.00021591,7188,2538
2023-10-16,other,3,0.00137984,155398,39101
2023-10-16,image,825,0.055543899999999986,5.642173e+06,1.480249e+06
2023-10-16,application,1,6.08e-06,323,152
2023-10-16,model,61,0.0005766,20435,9455
2023-10-16,text,11621,0.07028887000000077,3.635575e+06,1.748294e+06
2023-10-15,text,19953,0.08467897999999975,7.066751e+06,3.277974e+06
2023-10-15,model,3,2.3250000000000003e-05,1005,465
2023-10-15,other,5,0.0019112,289275,72667
2023-10-15,image,2096,0.08943319000000001,1.304824e+07,3.454628e+06
2023-10-15,application,62,0.00019842,19960,9363
2023-10-15,video,1,7.287e-05,9434,2429
2023-10-14,application,5,0.00013001,3680,1267
2023-10-14,image,1479,0.19368372000000003,1.9431657e+07,4.968588e+06
2023-10-14,text,14276,0.06946921999999991,5.057667e+06,2.415182e+06
2023-10-14,other,23,0.00385882,562548,142636
2023-10-13,image,1346,0.32849849,1.6120486e+07,4.133448e+06
2023-10-13,application,7,0.00059486,19583,5461
2023-10-13,model,11,0.00027125000000000006,3685,1705
2023-10-13,text,6255,0.06169543999999989,2.352523e+06,1.050711e+06
2023-10-13,video,1,8.5e-06,1200,425
2023-10-12,image,676,0.15795536000000002,6.933937e+06,1.786264e+06
2023-10-12,text,3279,0.045266059999999976,1.147935e+06,529525
2023-10-12,application,5,0.00017516,3559,1244
2023-10-11,text,7147,0.07161815999999999,2.352569e+06,1.119109e+06
2023-10-11,application,3,0.00960343,295014,73966
2023-10-11,video,3,2.55e-05,3600,1275
2023-10-11,other,2,0.000371,38690,9822
2023-10-11,image,426,0.07773966999999997,5.258611e+06,1.345842e+06
2023-10-11,model,23,0.0003932500000000001,7585,3445
2023-10-10,video,17,0.00210856,390938,99811
2023-10-10,model,55,0.000583,18305,8405
2023-10-10,text,19696,0.08842936000000037,6.285168e+06,3.107502e+06
2023-10-10,other,1,0.00030524,30269,7631
2023-10-10,application,9,0.0005515899999999999,75946,19624
2023-10-10,image,1445,0.11235362000000007,1.4501556e+07,3.750399e+06
2023-10-09,text,34710,0.14184936999999578,1.0314792e+07,5.122966e+06
2023-10-09,model,479,0.0054715000000000015,160465,74245
2023-10-09,application,5,0.0030370899999999997,354975,89098
2023-10-09,other,3,0.00079131,52912,13553
2023-10-09,image,1211,0.18180474000000005,2.2497682e+07,5.722817e+06
2023-10-09,video,5,0.00017438000000000002,12379,3521
2023-10-09,audio,5,0.007329919999999999,1.464189e+06,366496
2023-10-08,image,2748,0.21345711,2.5428792e+07,6.576686e+06
2023-10-08,text,29873,0.12423990000000094,9.517433e+06,4.632183e+06
2023-10-08,application,17,0.0017907400000000003,235841,60220
2023-10-08,video,2,5.6630000000000005e-05,1873,592
2023-10-08,audio,1,0.00147438,294592,73719
2023-10-08,model,15,0.00010724999999999999,4845,2145
2023-10-07,image,615,0.08477426000000002,8.636876e+06,2.207655e+06
2023-10-07,model,11,0.00010784999999999999,3565,1585
2023-10-07,audio,1,0.00220572,293811,73524
2023-10-07,video,2,0.012317769999999999,524195,131173
2023-10-07,application,3,5.742e-05,980,448
2023-10-07,other,2,0.00367245,289295,72480
2023-10-07,text,8928,0.06021064999999995,2.938258e+06,1.451272e+06
2023-10-06,application,2,0.00015424,25356,6481
2023-10-06,model,130,0.004096140000000002,43154,19754
2023-10-06,image,733,0.09927179000000001,6.90182e+06,1.794936e+06
2023-10-06,other,1,1.57e-05,881,314
2023-10-06,text,25462,0.18604607000001322,8.389171e+06,4.107659e+06
2023-10-05,image,4312,0.20595096000000004,1.1513505e+07,3.269786e+06
2023-10-05,text,34117,0.36135697000000183,1.1145133e+07,5.433069e+06
2023-10-05,model,285,0.00846176000000001,94179,42879
2023-10-05,application,2,0.0013013,79396,20020
2023-10-05,other,2,5.104e-05,1292,464
2023-10-04,application,5,0.00037554000000000005,23391,6201
2023-10-04,text,4164,0.049741449999999916,1.756736e+06,777229
2023-10-04,video,1,0.00174052,347726,87026
2023-10-04,audio,1,0.00037548,5976,1565
2023-10-04,image,12797,0.5952211799999996,4.0215767e+07,1.1169077e+07
2023-10-04,other,1,0.0005697,37733,9495
2023-10-03,other,1,2.658e-05,1399,421
2023-10-03,image,2999,0.48584525,5.644618e+07,1.4351219e+07
2023-10-03,audio,7,0.00920105,1.323134e+06,331280
2023-10-03,text,13761,0.08613989000000033,5.295275e+06,2.403306e+06
2023-10-03,application,5,0.00201876,382273,95946
2023-10-02,text,49285,0.2541462999999796,1.8529999e+07,1.0052306e+07
2023-10-02,application,6,0.0016634100000000001,161690,40872
2023-10-02,image,3019,0.4199488499999987,4.9546876e+07,1.2620657e+07
2023-10-02,video,3,0.007799830000000001,1.166651e+06,291875
2023-10-01,other,2,0.00022622,7021,1897
2023-10-01,image,1291,0.4325108800000001,4.1846903e+07,1.0565455e+07
2023-10-01,application,57,0.0009702600000000001,76648,23186
2023-10-01,video,2,0.0079148,392821,98347
2023-10-01,text,85823,0.4885653699999975,3.0645067e+07,1.5518403e+07
2023-10-01,audio,5,0.00050265,62338,15939
2023-09-30,other,3,0.00022121,9946,2730
2023-09-30,image,3563,0.4687116299999981,3.3802336e+07,8.7239e+06
2023-09-30,video,1,0.00068535,54489,13707
2023-09-30,audio,2,2.0580000000000003e-05,644,294
2023-09-30,application,17,0.00025677,8483,3317
2023-09-30,text,32364,0.2630004599999952,1.2637702e+07,5.724289e+06
2023-09-29,audio,3,0.00564871,204192,51252
2023-09-29,text,39117,0.4046150299999928,1.7113667e+07,7.457865e+06
2023-09-29,image,912,0.40574126999999993,2.6412901e+07,6.673783e+06
2023-09-29,application,4714,0.034873320000001526,1.825187e+06,790989
2023-09-28,other,57,0.007943489999999997,506074,131854
2023-09-28,application,3624,0.029323700000000247,1.221305e+06,562653
2023-09-28,image,2031,0.4900401799999997,2.7948761e+07,7.13748e+06
2023-09-28,text,94524,0.8743601300000927,3.0308285e+07,1.3921104e+07
2023-09-28,audio,10,0.0115127,558930,140384
2023-09-28,model,10,0.00046499999999999997,3350,1550
2023-09-27,application,8,0.00014646,2664,1257
2023-09-27,text,63599,0.7962922299999863,2.1320035e+07,9.695306e+06
2023-09-27,image,461,0.21534894,9.690592e+06,2.457474e+06
2023-09-27,other,62,0.010356009999999999,576436,147943
2023-09-27,audio,1,1.836e-05,328,153
2023-09-27,model,1,8.141e-05,4369,1163
2023-09-26,other,16,0.00476721,223080,59234
2023-09-26,text,48579,0.8310241299999983,1.6653398e+07,8.189255e+06
2023-09-26,image,1498,0.46633136000000003,1.9400129e+07,4.966526e+06
2023-09-26,application,11,0.0012636400000000001,50461,13380
2023-09-26,audio,1,1.974e-05,316,141
2023-09-25,image,862,0.7222812199999998,2.3714432e+07,5.993223e+06
2023-09-25,audio,51,0.018319920000000003,711756,183138
2023-09-25,application,7,0.00016897,2755,1208
2023-09-25,video,1,0.00922636,335220,83876
2023-09-25,text,30328,0.5847761900000046,1.0388033e+07,4.977366e+06
2023-09-25,model,2,0.00030768,5995,1640
2023-09-24,image,315,0.24381068000000003,6.311453e+06,1.602163e+06
2023-09-24,text,231781,6.573471250000004,7.0272764e+07,3.3535015e+07
2023-09-24,application,3,0.0002516,4641,1355
2023-09-24,model,1,0.00012475,2213,624
2023-09-24,other,4,0.0004868,11696,3276
2023-09-23,image,76,0.04401472,715061,185229
2023-09-23,text,337258,11.692365340001407,1.00583718e+08,4.8088306e+07
2023-09-23,other,1,0.00022174,3693,994
2023-09-23,audio,3,0.00012321,960,435
2023-09-23,application,1,8.775e-05,1026,351
2023-09-22,text,188825,6.506699490000263,5.5726014e+07,2.6742776e+07
2023-09-22,application,5,0.00029072,2621,1047
2023-09-22,audio,10,0.00040725,3196,1446
2023-09-22,image,128,0.10714494,1.448184e+06,371656
2023-09-21,other,2,0.00161238,28662,7298
2023-09-21,audio,49,0.0024356099999999995,15868,7293
2023-09-21,image,122,0.06243243,1.03545e+06,268007
2023-09-21,application,3,0.0014451999999999998,25644,6638
2023-09-21,text,188167,6.16628056999975,5.71762e+07,2.7106749e+07
2023-09-20,image,769,0.10128133000000002,1.446505e+06,429996
2023-09-20,application,1,3.02e-05,322,151
2023-09-20,text,239964,7.7856803800003345,7.44306e+07,3.5547343e+07
2023-09-20,other,1,0.000796,15830,4028
2023-09-20,model,5,0.00023249999999999999,1675,775
2023-09-20,audio,7,0.01795851,235998,59520
2023-09-20,video,9,0.00031608,2883,1317
2023-09-19,model,21801,1.1578507200000305,7.260927e+06,3.336747e+06
2023-09-19,application,42,0.0019426,12755,5790
2023-09-19,image,871,0.1471202,1.872101e+06,532871
2023-09-19,text,218410,7.131213809999727,6.6924222e+07,3.2025455e+07
2023-09-19,video,29,0.017953040000000003,262372,67619
2023-09-18,application,3,0.00065482,6779,1889
2023-09-18,other,4,0.0015700100000000002,24239,6366
2023-09-18,text,401697,13.161655559999705,1.23785755e+08,5.8753265e+07
2023-09-18,image,819,0.19927873000000007,2.072134e+06,577117
2023-09-18,model,12,0.0005476900000000001,3876,1716
2023-09-17,video,2,7.65e-05,654,306
2023-09-17,application,7,0.0026592200000000003,52157,13628
2023-09-17,image,209,0.10998982000000003,2.576032e+06,659713
2023-09-17,text,418929,9.39724888999897,1.28945912e+08,6.0664125e+07
2023-09-16,text,381039,7.223943600000087,1.16096118e+08,5.4583265e+07
2023-09-16,other,1,0.00055712,13645,3482
2023-09-16,application,4,0.00019825000000000002,2328,893
2023-09-16,image,143,0.14825464999999996,3.68363e+06,931610
2023-09-16,video,2,0.00325467,71589,18039
2023-09-15,image,683,0.37482256,9.544663e+06,2.437745e+06
2023-09-15,application,1009,0.03692193,707784,280070
2023-09-15,text,439059,8.134034820000469,1.34560324e+08,6.3610093e+07
2023-09-15,other,9,0.00974311,244765,61892
2023-09-14,model,80,0.002002799999999998,26560,12160
2023-09-14,other,3,0.00042958,8657,2477
2023-09-14,text,330822,6.015450190000056,9.9930345e+07,4.6757585e+07
2023-09-14,application,4,0.00053323,13485,3677
2023-09-14,image,585,0.28000297,7.137746e+06,1.827141e+06
2023-09-13,model,3,0.00013816,2439,823
2023-09-13,application,1,0.00211869,44262,11151
2023-09-13,other,3,0.00027671,5554,1602
2023-09-13,text,262278,4.836261889999843,7.96747e+07,3.7064997e+07
2023-09-13,image,381,0.15783210999999997,3.811147e+06,980033
2023-09-13,video,1,0.0099362,198383,49681
2023-09-12,other,1,0.0004128,10726,2752
2023-09-12,text,210967,4.2958907799998105,6.5065279e+07,3.0611561e+07
2023-09-12,image,145,0.14071793,3.128895e+06,793331
2023-09-11,text,205085,4.156124759999249,6.2943096e+07,2.9204728e+07
2023-09-11,model,1,0.0007876,14037,3580
2023-09-11,image,96,0.12333211999999999,2.848102e+06,719216
2023-09-11,application,3,0.00029404,4710,1381
2023-09-10,image,243,0.09166613000000001,2.206387e+06,573385
2023-09-10,text,364626,7.582765549999968,1.10054593e+08,5.1045515e+07
2023-09-10,application,2,0.00051064,12230,3191
2023-09-10,model,1,0.00057392,13220,3376
2023-09-10,other,4,0.0004516,9322,2614
2023-09-09,image,171,0.1218797,2.678716e+06,682268
2023-09-09,application,4,0.00426933,85362,21638
2023-09-09,other,1,0.00040048,9727,2503
2023-09-09,text,381075,8.294495629999458,1.14133878e+08,5.2698663e+07
2023-09-08,text,175030,3.8739526100000807,5.36101e+07,2.4581299e+07
2023-09-08,application,8,0.00065814,11987,3595
2023-09-08,image,358,0.13851163999999996,3.1025e+06,801814
2023-09-07,application,2,0.00046073,10256,2728
2023-09-07,image,180,0.06568859,1.412719e+06,369708
2023-09-07,text,286251,7.033292739999789,8.7913408e+07,4.137151e+07
2023-09-06,text,241312,6.211664650000299,6.7680701e+07,3.50978e+07
2023-09-06,application,2,0.00107015,21198,5464
2023-09-06,image,112,0.025893209999999996,508215,135174
2023-09-05,application,3,0.00018176,2682,864
2023-09-05,other,2,3.437e-05,488,246
2023-09-05,text,229988,4.113324360000742,5.3447692e+07,2.8717589e+07
2023-09-05,image,109,0.028853289999999997,740453,193992
2023-09-04,image,403,0.23882428,8.953076e+06,2.269053e+06
2023-09-04,application,10,0.0014416199999999998,44941,11907
2023-09-04,text,336283,4.823906510000533,8.8256746e+07,4.4450238e+07
2023-09-04,other,6,0.00019465999999999998,4632,1547
2023-09-03,video,1,0.00013913,3693,994
2023-09-03,audio,78,0.024847179999999996,805931,207007
2023-09-03,other,1,4.34e-05,958,310
2023-09-03,application,6,0.0011053299999999999,40387,10522
2023-09-03,text,417430,5.122687509999896,1.13852381e+08,5.53126e+07
2023-09-03,image,724,0.43271177000000005,1.6292757e+07,4.128873e+06
2023-09-02,application,555,0.016045480000000067,498651,159117
2023-09-02,text,306012,4.586122079999803,9.4082225e+07,4.3540162e+07
2023-09-02,audio,26,0.00825638,292878,75060
2023-09-02,other,1,0.00287388,127445,31932
2023-09-02,image,901,0.44987403000000004,1.66076e+07,4.215898e+06
2023-09-01,image,1768,1.02601878,3.6316188e+07,9.202556e+06
2023-09-01,other,2,0.008553100000000001,341130,85441
2023-09-01,text,136313,1.973132899999825,4.3326142e+07,2.0105428e+07
2023-09-01,model,2,0.00162924,65866,16608
2023-09-01,application,5,0.00021633,2840,1047
2023-08-31,text,139424,2.670019409999882,4.6388871e+07,2.1569909e+07
2023-08-31,application,5,0.00036043,6016,1872
2023-08-31,image,601,0.44941845999999996,1.5898647e+07,4.018055e+06
2023-08-31,other,1,4.94e-05,610,247
2023-08-30,image,179,0.06035064,2.645807e+06,674928
2023-08-30,text,155777,1.7873295099998974,4.9004395e+07,2.276906e+07
2023-08-30,other,3,0.00015106,6449,1825
2023-08-30,application,3,0.00016197,2323,776
2023-08-29,image,323,0.23483374999999998,1.1862657e+07,2.992925e+06
2023-08-29,application,1158,0.010500909999999966,359300,161392
2023-08-29,text,238783,2.3409540600000867,7.3055103e+07,3.3565115e+07
2023-08-29,other,6,0.00071723,33482,8796
2023-08-28,image,232,0.11967553000000002,5.587899e+06,1.4155e+06
2023-08-28,application,1030,0.009279360000000066,314590,142428
2023-08-28,text,96300,0.8989361599999828,3.0327679e+07,1.3765305e+07
2023-08-28,other,3,0.00149434,73475,18604
2023-08-27,image,420,0.15129821,7.44654e+06,1.900484e+06
2023-08-27,text,226350,2.0073417200000585,6.9163782e+07,3.1916955e+07
2023-08-27,application,1,1.969e-05,374,179
2023-08-26,application,1648,0.014835749999999799,510992,230443
2023-08-26,image,212,0.08542055999999999,4.101622e+06,1.043426e+06
2023-08-26,text,279295,2.412602450000071,8.4201708e+07,3.8430442e+07
2023-08-26,other,9,0.00042247,7671,2556
2023-08-25,other,9,0.00047991,20320,5744
2023-08-25,image,334,0.15907205000000002,7.735705e+06,1.958616e+06
2023-08-25,application,73,0.008054379999999995,295059,81168
2023-08-25,text,174140,1.5665054099998141,5.2778661e+07,2.4162055e+07
2023-08-24,text,163243,1.4750145100000664,4.9052371e+07,2.2504533e+07
2023-08-24,image,368,0.09453070999999998,4.256601e+06,1.094323e+06
2023-08-24,other,16,0.00171041,83120,21915
2023-08-24,application,10,0.00044221,14851,4446
2023-08-23,text,180681,1.793373070000079,5.5785944e+07,2.5791406e+07
2023-08-23,application,1,6.27e-05,2295,645
2023-08-23,video,1,0.00555083,369773,92514
2023-08-23,audio,1,0.00029809,8888,2293
2023-08-23,image,876,0.21917940000000002,9.23394e+06,2.394275e+06
2023-08-23,other,11,0.0018588200000000002,87635,22689
2023-08-22,video,1,0.00722336,361000,90353
2023-08-22,image,613,0.4003641700000001,1.8806894e+07,4.745852e+06
2023-08-22,audio,1,0.00056427,31865,8060
2023-08-22,other,2,0.00016474,7499,2016
2023-08-22,application,4,0.00010822,4567,1546
2023-08-22,text,168508,1.5320668099998538,5.1750538e+07,2.3700067e+07
2023-08-21,application,3,0.00013006,2390,801
2023-08-21,text,307001,2.6759030900003236,9.4012593e+07,4.3266289e+07
2023-08-21,other,4,0.0006222999999999999,29765,7780
2023-08-21,image,183,0.07110657000000001,3.453636e+06,877882
2023-08-20,application,2011,0.020615539999999738,761500,333258
2023-08-20,other,5,0.00034927,14652,4088
2023-08-20,image,614,0.13377529000000002,6.726087e+06,1.734593e+06
2023-08-20,video,1,0.00557121,371132,92854
2023-08-20,text,408880,3.5598109699996234,1.24793487e+08,5.7800008e+07
2023-08-19,other,5,0.00070513,21603,5834
2023-08-19,application,367,0.003873119999999993,116718,55054
2023-08-19,text,300090,2.623251259999621,9.1961573e+07,4.2016199e+07
2023-08-19,image,191,0.09379973999999998,4.252718e+06,1.077562e+06
2023-08-18,application,13,0.00031211,6384,2500
2023-08-18,audio,1,0.00056728,28024,7091
2023-08-18,other,2,0.00019893,10413,2769
2023-08-18,text,149308,1.3829039599999622,4.595488e+07,2.1087781e+07
2023-08-18,image,4752,0.5179810699999992,1.3411388e+07,3.693491e+06
2023-08-17,image,341,0.11209723999999997,4.696493e+06,1.200385e+06
2023-08-17,text,222752,2.2709642599999675,6.9069395e+07,3.2324755e+07
2023-08-17,other,1,4.823e-05,847,370
2023-08-17,application,13578,0.12794279999999786,4.558996e+06,2.10373e+06
2023-08-16,other,2,0.0011707900000000001,65659,16579
2023-08-16,image,934,0.19872188000000002,9.104837e+06,2.344996e+06
2023-08-16,application,9280,0.08990717999999981,3.17012e+06,1.451485e+06
2023-08-16,text,300139,2.7900512400002135,9.2165676e+07,4.3202201e+07
2023-08-15,video,2,0.01316297,751605,188043
2023-08-15,application,43,0.00084089,30207,10633
2023-08-15,text,330649,3.112733570000279,1.02863409e+08,4.7763272e+07
2023-08-15,audio,2,0.00085597,33987,8653
2023-08-15,other,1,0.00117216,116932,29304
2023-08-15,image,487,0.10769308999999999,5.073571e+06,1.303474e+06
2023-08-14,application,8767,0.0834940500000098,2.969767e+06,1.364922e+06
2023-08-14,image,3224,0.45772156999999386,2.1643191e+07,5.63982e+06
2023-08-14,audio,3,0.00216892,99249,25026
2023-08-14,other,6,0.00017528,5858,1960
2023-08-14,text,305350,2.871347580000281,9.5161013e+07,4.3832147e+07
2023-08-13,image,313,0.08200253999999997,3.804487e+06,973595
2023-08-13,other,2,6.174e-05,2771,881
2023-08-13,text,301519,3.0140650700003406,9.7339021e+07,4.5528675e+07
2023-08-13,application,10,0.0006995,25063,6994
2023-08-12,application,1500,0.01435500000000044,504000,232500
2023-08-12,image,546,0.18729648,9.732389e+06,2.473753e+06
2023-08-12,text,277180,2.7606976299999864,8.7666231e+07,4.0762185e+07
2023-08-12,other,5,0.0006864,27265,7360
2023-08-11,image,271,0.06843838,2.852253e+06,733161
2023-08-11,other,1,0.0002748,5118,1374
2023-08-11,text,252379,2.6152811899999273,7.8173684e+07,3.6058682e+07
2023-08-11,application,2,0.00111075,33381,8533
2023-08-10,image,265,0.08880898999999999,4.243244e+06,1.080552e+06
2023-08-10,text,111561,1.1891843799999793,3.4884904e+07,1.6163801e+07
2023-08-10,application,4,0.00023044,3843,1308
2023-08-10,video,2,0.01340848,754843,188853
2023-08-09,video,1,0.00563136,321510,80448
2023-08-09,application,1526,0.015243090000000452,547115,245148
2023-08-09,text,239426,2.4622897800001247,7.4918395e+07,3.4740305e+07
2023-08-09,other,2,0.0033317800000000003,165835,41647
2023-08-09,image,1049,0.30086427,1.289529e+07,3.303535e+06
2023-08-08,application,3,0.0009966200000000001,45722,11666
2023-08-08,video,14,0.09097789,5.194786e+06,1.299687e+06
2023-08-08,image,424,0.09502066,3.865615e+06,997836
2023-08-08,text,76368,0.841336670000017,2.4117368e+07,1.1212947e+07
2023-08-07,text,183490,2.2927883799996778,6.1327372e+07,2.8309346e+07
2023-08-07,application,16,0.00040227,14834,4864
2023-08-07,image,1373,0.5909493499999998,2.384925e+07,6.064901e+06
2023-08-07,video,13,0.08227862999999999,4.697968e+06,1.175411e+06
2023-08-06,application,21660,0.2102173700000002,7.704114e+06,3.466748e+06
2023-08-06,text,386742,3.6186262100006132,1.21921391e+08,5.7186852e+07
2023-08-06,image,391,0.11794675,5.323531e+06,1.359196e+06
2023-08-06,video,17,0.09574252,6.196612e+06,1.550358e+06
2023-08-05,text,252544,2.465582139999912,7.9351373e+07,3.665683e+07
2023-08-05,image,666,0.27063533000000006,1.3981124e+07,3.547996e+06
2023-08-05,video,5,0.033007480000000006,1.835332e+06,459187
2023-08-05,application,7,7.816e-05,2325,1078
2023-08-04,audio,2,0.00035122,18799,4888
2023-08-04,text,80871,1.3178812800000455,2.6863542e+07,1.2951235e+07
2023-08-04,image,405,0.17357027999999997,6.703643e+06,1.708443e+06
2023-08-04,video,1,2.967e-05,416,175
2023-08-04,other,10,0.0006272200000000001,23838,6931
2023-08-03,image,177,0.10027409999999999,4.290697e+06,1.0856e+06
2023-08-03,other,1,5.239e-05,1357,403
2023-08-03,text,202964,2.834386470000072,6.6058834e+07,3.1524791e+07
2023-08-03,application,1279,0.012884780000000252,459727,205787
2023-08-02,application,18,0.0031380099999999997,130827,34230
2023-08-02,text,121088,1.4440725299998554,3.9835096e+07,1.9233012e+07
2023-08-02,image,461,0.27244355,1.2469454e+07,3.154918e+06
2023-08-02,other,2,0.0016164,71082,17958
2023-08-02,video,1,0.00681491,389141,97356
2023-08-01,application,10,0.00046945,16992,5003
2023-08-01,image,3020,0.32712415000000006,1.5741586e+07,4.153023e+06
2023-08-01,audio,1,3.047e-05,731,277
2023-08-01,text,133740,1.3496861599999668,4.2450925e+07,1.9691168e+07
2023-08-01,other,1,4.668e-05,1049,389
2023-07-31,text,196765,1.9252273400000561,6.3293747e+07,3.0023345e+07
2023-07-31,other,3,9.247e-05,3007,939
2023-07-31,application,8,0.00137491,34838,9277
2023-07-31,image,782,0.20052270000000003,1.0687977e+07,2.728067e+06
2023-07-31,video,1,0.0001494,5694,1494
2023-07-30,audio,3,0.0017985100000000001,98213,25692
2023-07-30,application,21,0.0006235399999999999,22657,7789
2023-07-30,image,497,0.10134201000000002,5.169414e+06,1.329377e+06
2023-07-30,text,421643,3.8988021200004557,1.33837545e+08,6.2086028e+07
2023-07-29,image,456,0.07385149999999999,3.65879e+06,955825
2023-07-29,text,197909,1.9117056399998262,6.3984659e+07,2.933454e+07
2023-07-29,video,1,0.00645722,368605,92245
2023-07-29,other,1,0.00036127,20384,5167
2023-07-28,application,15,0.00142077,68438,18352
2023-07-28,other,1,0.00046476,30605,7745
2023-07-28,image,602,0.11942061000000001,4.722751e+06,1.224277e+06
2023-07-28,text,184857,1.8737961900000533,6.0121753e+07,2.754732e+07
2023-07-27,application,24,0.00080265,25958,8270
2023-07-27,text,143217,2.2240380000000712,4.7622129e+07,2.3011306e+07
2023-07-27,other,2,0.00033294,11881,3105
2023-07-27,image,3014,0.3193340999999992,1.4562443e+07,3.896341e+06
2023-07-26,application,2111,0.028019610000000188,1.08368e+06,420790
2023-07-26,audio,1,0.00068556,30187,7618
2023-07-26,image,1723,0.26802484,1.2576056e+07,3.275653e+06
2023-07-26,other,6,0.004783330000000001,265584,66813
2023-07-26,text,192445,2.161551140000012,6.3155887e+07,3.0435878e+07
2023-07-25,image,1483,0.23148539000000007,1.2676062e+07,3.277263e+06
2023-07-25,other,2,0.0025852,146329,36724
2023-07-25,text,207565,1.985503069999998,6.701719e+07,3.1836808e+07
2023-07-25,application,11,0.00027475,7866,2781
2023-07-25,video,1,0.0006813,17791,4542
2023-07-24,text,282835,3.2945568199999453,9.4037184e+07,4.5581448e+07
2023-07-24,other,4,9.973000000000001e-05,2685,971
2023-07-24,application,32,0.0003066000000000001,10275,4877
2023-07-24,video,1,0.00111684,55560,13961
2023-07-24,image,846,0.18362617,9.541569e+06,2.451732e+06
2023-07-23,audio,4,0.0016287799999999998,104341,26421
2023-07-23,text,348609,3.4087471000002285,1.15226985e+08,5.5048614e+07
2023-07-23,model,2,0.0008719699999999999,48229,12199
2023-07-23,application,3002,0.05497097999999731,1.064509e+06,478642
2023-07-23,image,625,0.15800886,7.661716e+06,1.96192e+06
2023-07-23,other,5,0.01000758,665284,166792
2023-07-22,image,1371,0.20687297000000004,5.414799e+06,1.451045e+06
2023-07-22,text,88222,1.2803770799998444,2.8674435e+07,1.3574335e+07
2023-07-22,application,5,0.00035024000000000003,10536,3012
2023-07-21,other,1,0.00103649,31642,7973
2023-07-21,text,64640,0.8220799199998472,2.2685447e+07,1.1019773e+07
2023-07-21,image,1407,0.1956448899999999,6.635513e+06,1.771914e+06
2023-07-21,application,5,0.00200906,77224,19746
2023-07-20,application,21,0.0008033399999999998,11491,4865
2023-07-20,other,5,0.00118574,63085,16221
2023-07-20,text,143645,2.6537172300001526,4.8706333e+07,2.3758502e+07
2023-07-20,image,723,0.08567050000000001,3.474341e+06,926060
2023-07-19,application,4736,0.05410263000000042,2.514175e+06,964822
2023-07-19,other,11,0.0017889299999999998,75755,19675
2023-07-19,text,210171,2.044711120000118,7.1680707e+07,3.4914805e+07
2023-07-19,image,1614,0.39823396,2.2422637e+07,5.72634e+06
2023-07-19,audio,82,0.08112243999999996,4.601964e+06,1.158873e+06
2023-07-18,model,1,1.092e-05,388,182
2023-07-18,text,320083,3.1570722799998276,1.05180537e+08,5.0183587e+07
2023-07-18,audio,3,0.00113211,55111,14068
2023-07-18,other,2,0.00030659999999999997,15852,4088
2023-07-18,application,2031,0.015568660000000518,621268,281592
2023-07-18,image,1844,0.37695669,1.7322359e+07,4.468935e+06
2023-07-17,image,3247,0.16454601000000002,6.977829e+06,1.978223e+06
2023-07-17,audio,4,0.00251485,119883,30332
2023-07-17,application,2018,0.020439070000000198,763088,316236
2023-07-17,text,174517,1.8934047400001464,5.7409929e+07,2.8423597e+07
2023-07-17,model,3,0.00136493,74735,18870
2023-07-17,video,1,0.00211911,120713,30272
2023-07-17,other,9,0.0018800000000000002,59285,15634
2023-07-16,text,371576,3.4543595699999843,1.20748757e+08,5.8324871e+07
2023-07-16,image,962,0.18815187000000003,1.0256447e+07,2.64657e+06
2023-07-16,application,13055,0.10786351999999651,4.5181e+06,1.948329e+06
2023-07-16,audio,5,0.00099559,46631,12127
2023-07-16,other,4,0.00015562,7924,2269
2023-07-16,model,2,0.00116586,60938,15359
2023-07-15,image,1581,0.2302290700000001,1.0764125e+07,2.80836e+06
2023-07-15,other,26,0.00030488999999999994,11079,4615
2023-07-15,model,1,0.00056709,24920,6301
2023-07-15,application,6019,0.05125836999999928,1.952965e+06,861597
2023-07-15,text,254433,2.4096127500001594,8.0051435e+07,3.7694832e+07
2023-07-14,image,559,0.10516137999999997,5.138392e+06,1.3269e+06
2023-07-14,application,18014,0.14150121999999893,5.53966e+06,2.501003e+06
2023-07-14,text,124298,1.4101927900000284,4.1242688e+07,2.02114e+07
2023-07-14,audio,1,1.75e-05,321,174
2023-07-14,other,3,0.0012044,78119,19780
2023-07-13,audio,2,0.00035294000000000005,17837,4624
2023-07-13,text,113596,1.2400001800000355,3.6993852e+07,1.7780318e+07
2023-07-13,application,1033,0.026006900000000045,1.352961e+06,411703
2023-07-13,image,1678,0.15268809,8.460269e+06,2.236884e+06
2023-07-13,other,1,2.751e-05,1194,393
2023-07-12,image,5085,0.4400041000000001,2.0314178e+07,5.545005e+06
2023-07-12,application,22386,0.1700410499999967,6.915322e+06,3.115419e+06
2023-07-12,video,1,0.00020423,5164,1362
2023-07-12,other,4,0.00042641999999999995,20539,5471
2023-07-12,audio,1,0.00030345,17055,4335
2023-07-12,text,180742,2.1086854099999064,6.1183037e+07,2.9443714e+07
2023-07-11,other,1,2.64e-05,1393,419
2023-07-11,application,2174,0.02433185000000043,1.07553e+06,405037
2023-07-11,text,177961,1.4803228099999841,5.8883503e+07,2.7955731e+07
2023-07-11,image,1799,0.32905367,1.7424271e+07,4.511397e+06
2023-07-10,application,12051,0.07358396999999833,3.709032e+06,1.672121e+06
2023-07-10,text,243001,2.1231485700000987,8.3377692e+07,4.2283948e+07
2023-07-10,image,1628,0.19325001000000003,1.0858428e+07,2.84962e+06
2023-07-09,image,1897,0.25512022,1.8302241e+07,4.714151e+06
2023-07-09,text,373915,2.3024654599998424,1.19775283e+08,5.8168567e+07
2023-07-09,audio,88,0.02237205999999999,2.142346e+06,542025
2023-07-09,application,10020,0.04996187000000145,3.068045e+06,1.386141e+06
2023-07-08,other,2,0.0019426,154656,38852
2023-07-08,application,18115,0.10851501999999846,7.526814e+06,3.002809e+06
2023-07-08,image,985,0.25417212,2.0258498e+07,5.142095e+06
2023-07-08,text,331408,2.1801798400002568,1.07866961e+08,5.2018919e+07
2023-07-08,audio,14,0.003582580000000001,349754,88834
2023-07-07,other,3,0.00014485,8790,2471
2023-07-07,application,2043,0.020657110000000378,1.449827e+06,489521
2023-07-07,image,5035,0.6409432999999994,4.2585276e+07,1.1032852e+07
2023-07-07,audio,3,0.0008822299999999999,77380,19557
2023-07-07,video,2,0.0005060900000000001,30574,7786
2023-07-07,text,280740,2.039391630000117,9.1572516e+07,4.3672183e+07
2023-07-06,other,1,1.872e-05,341,156
2023-07-06,text,119563,1.0364249699999946,4.0840639e+07,1.9231306e+07
2023-07-06,audio,2,0.00324765,189667,47582
2023-07-06,application,6014,0.03716786000000039,1.834974e+06,830234
2023-07-06,video,25,0.008746799999999997,572860,145777
2023-07-06,image,1577,0.2643153099999999,1.3322163e+07,3.452652e+06
2023-07-05,text,182567,1.67294696000013,6.2208519e+07,3.0105619e+07
2023-07-05,audio,1,0.00048285,38345,9657
2023-07-05,image,1496,0.31060787999999995,1.7711409e+07,4.546116e+06
2023-07-05,application,2009,0.022738710000000155,1.201836e+06,424716
2023-07-05,video,3,0.00072933,40471,10418
2023-07-04,application,4019,0.03017379999999943,1.278894e+06,568334
2023-07-04,text,98144,1.0301599199999942,3.2789219e+07,1.5751258e+07
2023-07-04,audio,7,0.005574089999999999,399119,100434
2023-07-04,image,1896,0.52539958,2.9187512e+07,7.451478e+06
2023-07-04,model,1,0.00080322,53266,13387
2023-07-04,other,5,0.00370234,146606,37122
2023-07-03,audio,7,0.00115574,30004,8204
2023-07-03,application,4036,0.037935080000000426,1.370996e+06,592459
2023-07-03,image,3776,1.14372611,4.7697916e+07,1.2239936e+07
2023-07-03,other,2,0.00099742,52447,13284
2023-07-03,text,54954,0.8723293399999769,1.9039814e+07,9.193203e+06
2023-07-02,application,17,0.00174159,54042,14990
2023-07-02,audio,4,0.00136928,47184,12173
2023-07-02,image,2530,1.0632549600000007,4.0267744e+07,1.0260123e+07
2023-07-02,video,1,0.0072702,290429,72701
2023-07-02,text,94529,1.4679071300000923,3.3198922e+07,1.5780579e+07
2023-07-01,text,77870,1.2389174599999093,2.5274161e+07,1.2037418e+07
2023-07-01,video,1,0.0005193,11257,2885
2023-07-01,other,1,0.00010584,2069,588
2023-07-01,audio,6,0.0009767,36627,9766
2023-07-01,application,30,0.009406109999999999,309217,79621
2023-07-01,image,6233,0.6633369899999999,1.5648104e+07,4.360737e+06
2023-06-30,audio,2,0.00175484,52277,13211
2023-06-30,text,145403,2.5059708799997575,4.773019e+07,2.2394546e+07
2023-06-30,other,4,0.000925,20228,5387
2023-06-30,image,4242,0.62791551,1.6376192e+07,4.421147e+06
2023-06-30,application,40,0.0032778900000000003,66259,20586
2023-06-29,image,2250,0.6950161100000003,1.9968696e+07,5.170297e+06
2023-06-29,audio,5,0.00860788,156787,39597
2023-06-29,other,10,0.00104229,23596,6656
2023-06-29,video,2,0.017291349999999997,345166,86456
2023-06-29,application,6380,0.10471223999999946,2.144422e+06,935584
2023-06-29,text,153861,3.4002865700002243,5.1153019e+07,2.4835057e+07
2023-06-28,image,794,0.48823335,1.4294895e+07,3.636848e+06
2023-06-28,other,4,0.00404479,131776,33227
2023-06-28,application,2641,0.0767738399999987,1.099e+06,456672
2023-06-28,text,93121,2.319068730000193,3.3741423e+07,1.5555658e+07
2023-06-28,audio,1,0.00078001,28022,7091
2023-06-27,other,5,0.00030809,5295,1725
2023-06-27,text,178931,3.897853060000292,6.0626434e+07,2.8996529e+07
2023-06-27,image,2234,0.7220127999999999,2.1438647e+07,5.526345e+06
2023-06-27,application,724,0.022926659999999967,452130,167966
2023-06-27,audio,1,0.00053664,16229,4128
2023-06-26,image,3613,0.814594670000001,2.2620068e+07,5.931696e+06
2023-06-26,text,144403,3.4584460000000665,4.8093273e+07,2.3097121e+07
2023-06-26,application,6648,0.12909832000000365,2.285394e+06,1.058243e+06
2023-06-26,audio,14,0.07076609999999998,2.231131e+06,558992
2023-06-26,other,7,0.008091919999999999,266519,67320
2023-06-25,image,6957,2.3214728500000015,6.6141678e+07,1.7046879e+07
2023-06-25,text,159248,3.449392020000177,5.2946347e+07,2.5830678e+07
2023-06-25,application,3643,0.09920010999999967,1.613673e+06,711344
2023-06-25,other,110,0.0029578700000000005,41311,18125
2023-06-24,text,116641,3.24606468000017,4.0158745e+07,1.9896904e+07
2023-06-24,other,13,0.10879282000000003,3.34288e+06,836928
2023-06-24,image,10960,1.646792040000005,4.2369794e+07,1.1409199e+07
2023-06-24,application,108,0.0178348,416446,117264
2023-06-24,audio,9,0.0017646200000000002,55450,14731
2023-06-24,video,1,0.00423504,70300,17646
2023-06-23,audio,1,0.00088128,9415,2448
2023-06-23,application,19,0.0012866199999999998,14631,5479
2023-06-23,text,101778,4.128777939999986,4.2879764e+07,1.9415122e+07
2023-06-23,image,3218,0.5695787800000003,1.1477217e+07,3.140893e+06
2023-06-23,other,9,0.00053549,4104,1664
2023-06-22,text,108575,4.3930242600002165,3.5201882e+07,1.8199471e+07
2023-06-22,other,9,0.026131760000000004,464268,116919
2023-06-22,video,3,0.01655523,329004,82463
2023-06-22,application,33,0.0028960699999999997,29927,11179
2023-06-22,image,3392,0.8651591900000001,1.5677281e+07,4.216216e+06
2023-06-22,audio,1,0.00034352,6854,1808
2023-06-21,application,20,0.0013418700000000002,10834,4799
2023-06-21,text,82359,3.2115110800000974,2.5851366e+07,1.3395302e+07
2023-06-21,other,7,0.018825079999999998,249313,62871
2023-06-21,audio,7,0.00562221,91189,23475
2023-06-21,image,2999,0.7759322699999986,1.2289521e+07,3.344435e+06
2023-06-20,application,818,0.01314234999999988,264143,124458
2023-06-20,image,3393,1.0216052500000001,2.1823132e+07,5.76213e+06
2023-06-20,other,2,0.00235232,30308,7742
2023-06-20,text,167594,5.6440981000002965,5.5562303e+07,2.8175094e+07
2023-06-19,text,164434,3.452593180000127,5.5442597e+07,2.7430376e+07
2023-06-19,other,2,0.00011250999999999999,2434,790
2023-06-19,application,1635,0.026338309999999972,534208,249661
2023-06-19,image,4227,1.118934059999999,3.3648122e+07,8.761427e+06
2023-06-18,application,11405,0.19309943000000251,3.783065e+06,1.753377e+06
2023-06-18,image,31530,3.6785167300000055,9.4868075e+07,2.6190828e+07
2023-06-18,other,9,0.0014517599999999999,27566,7722
2023-06-18,audio,3,0.00020164,3109,1059
2023-06-18,text,179879,4.018870100000103,6.3601347e+07,3.0878379e+07
2023-06-17,image,5708,1.1606366299999993,2.5874821e+07,6.977646e+06
2023-06-17,other,6,0.00439619,138639,35146
2023-06-17,video,2,0.0039593399999999996,75145,18951
2023-06-17,text,196061,7.797606140000297,6.9415482e+07,3.4833655e+07
2023-06-17,application,3025,0.05649061000000113,1.148112e+06,503143
2023-06-16,other,2,0.0008818,9085,2460
2023-06-16,text,188686,4.841731269999834,6.9574679e+07,3.3574692e+07
2023-06-16,application,11238,0.18125072000000697,3.643581e+06,1.71353e+06
2023-06-16,image,4945,1.196958730000001,1.6829773e+07,4.664899e+06
2023-06-15,text,139261,5.4889874099997975,7.7167296e+07,3.2282532e+07
2023-06-15,audio,1,0.0013577,54023,13577
2023-06-15,application,1730,0.0449801299999998,929446,356928
2023-06-15,other,30,0.00406552,71405,20590
2023-06-15,image,4996,0.8934004999999999,2.1956492e+07,5.865755e+06
2023-06-14,other,2,0.00042259999999999997,8480,2285
2023-06-14,image,4090,0.792441049999999,1.7935752e+07,4.84734e+06
2023-06-14,application,1152,0.03448108000000001,510711,212395
2023-06-14,text,66821,2.143699990000053,2.4902373e+07,1.2043696e+07
2023-06-13,audio,1,0.00141878,51308,12898
2023-06-13,application,4227,0.07902547999999984,1.739899e+06,735668
2023-06-13,image,34186,3.126270870000005,5.5620891e+07,1.7128986e+07
2023-06-13,text,104799,2.3891486499999686,4.1995061e+07,2.0083711e+07
2023-06-13,other,5,0.017363970000000003,351024,88180
2023-06-12,image,5860,1.5609052500000011,3.9705835e+07,1.0409864e+07
2023-06-12,text,99338,2.3633452899999203,3.7941253e+07,1.8517089e+07
2023-06-12,application,1905,0.031471240000000233,674245,305571
2023-06-12,model,2,0.00077675,19701,5067
2023-06-12,other,4,0.00324924,68392,17380
2023-06-11,model,1,0.0006741,18977,4815
2023-06-11,application,137,0.022475690000000006,574690,156220
2023-06-11,image,15991,3.425765560000001,9.7072067e+07,2.5550637e+07
2023-06-11,other,1,0.00060252,19706,5021
2023-06-11,text,158539,3.5949095800000586,5.8723948e+07,2.9334862e+07
2023-06-11,video,8,0.10821088000000001,2.488984e+06,622837
2023-06-10,video,1,0.00949662,270954,67833
2023-06-10,image,18037,3.6971150199999987,8.3794867e+07,2.2235239e+07
2023-06-10,other,1,0.00077406,14365,3685
2023-06-10,text,79105,2.3913657599999714,3.0833619e+07,1.5157167e+07
2023-06-10,application,223,0.02811609,425009,125689
2023-06-10,audio,8,0.004849559999999999,159376,40411
2023-06-09,other,1,7.98e-05,259,136
2023-06-09,text,87094,4.62760959,3.8335826e+07,1.7882903e+07
2023-06-09,application,328,0.024656920000000002,186452,77071
2023-06-09,image,4304,1.8481126300000006,2.6108672e+07,6.844161e+06
2023-06-09,audio,1,5.907e-05,434,179
2023-06-09,model,2,0.0038750399999999997,59050,14904
2023-06-08,text,96213,6.143988179999944,3.9189091e+07,1.8981969e+07
2023-06-08,other,2,0.0017954,42408,10744
2023-06-08,application,799,0.056412250000000025,447373,185170
2023-06-08,image,7569,2.85744911,4.3045007e+07,1.1432872e+07
2023-06-07,application,725,0.06704665999999997,370701,147261
2023-06-07,text,49213,6.022659600000151,2.24453e+07,9.969627e+06
2023-06-07,image,3006,1.2261383000000006,1.0049803e+07,2.794539e+06
2023-06-07,other,3,0.00094352,4894,1506
2023-06-06,text,99116,7.038270620000051,3.7077174e+07,1.8480308e+07
2023-06-06,image,14840,2.534148020000004,3.8236977e+07,1.0757996e+07
2023-06-06,application,248,0.01672098,130033,54053
2023-06-05,text,85551,6.611556579999979,3.1356439e+07,1.628268e+07
2023-06-05,image,7455,1.8910600700000006,2.5341612e+07,6.903348e+06
2023-06-05,application,189,0.01506797,99742,41723
2023-06-05,audio,1,0.0010308,6590,1718
2023-06-04,audio,1,0.004431,117876,29540
2023-06-04,text,128567,4.023090050000083,4.5447176e+07,2.3173589e+07
2023-06-04,application,938,0.028511730000000023,345659,154835
2023-06-04,image,4279,2.852092249999999,6.2743596e+07,1.6027548e+07
2023-06-03,text,120176,4.69180417000014,4.2070066e+07,2.1512536e+07
2023-06-03,image,4782,1.7148604799999998,3.0311359e+07,7.966067e+06
2023-06-03,audio,1,0.01005108,236154,59124
2023-06-03,other,1,4.998e-05,833,293
2023-06-03,application,568,0.025429160000000006,263694,111831
2023-06-02,text,134822,6.556836420000093,4.802368e+07,2.4653854e+07
2023-06-02,image,4727,1.3197176300000006,2.3576715e+07,6.305772e+06
2023-06-02,application,579,0.02663534000000002,261688,111031
2023-06-01,application,939,0.06321948000000004,446203,188666
2023-06-01,audio,1,0.0016008,15725,4002
2023-06-01,image,7634,2.4148334199999977,2.4226966e+07,6.658899e+06
2023-06-01,text,62199,4.534558059999985,2.2276188e+07,1.1429381e+07
2023-05-31,image,15156,4.543443380000001,3.6871406e+07,1.0324959e+07
2023-05-31,text,115993,7.673431590000059,4.0085756e+07,2.062693e+07
2023-05-31,application,784,0.04921148,353110,147316
2023-05-30,application,658,0.059787240000000026,409215,154069
2023-05-30,image,10895,3.5129209200000107,2.8631319e+07,7.960308e+06
2023-05-30,text,196582,16.265010749999945,6.8634867e+07,3.5627937e+07
2023-05-30,other,1,0.00041124,4373,1195
2023-05-29,text,251558,16.41724134000037,9.0527888e+07,4.6571563e+07
2023-05-29,application,2725,0.33711934000000066,2.098899e+06,757545
2023-05-29,image,8605,2.697810620000001,2.6994495e+07,7.433589e+06
2023-05-29,audio,1,0.002517,19852,5034
2023-05-28,application,185,0.01472564,96113,40489
2023-05-28,other,1,0.0007837,8842,2305
2023-05-28,image,10505,3.053066220000001,3.6896931e+07,1.0042403e+07
2023-05-28,text,222759,12.725377469999898,7.7219093e+07,3.9149056e+07
2023-05-27,application,9329,1.1842334300000046,6.510507e+06,2.577935e+06
2023-05-27,image,16609,4.529283300000001,4.5679082e+07,1.2654992e+07
2023-05-27,text,181361,8.01057201999934,6.1716491e+07,3.0547465e+07
2023-05-26,text,135997,11.549084149999436,4.7520386e+07,2.4009121e+07
2023-05-26,audio,1,0.0109858,125268,31388
2023-05-26,application,2186,0.28807971999999943,1.39551e+06,567562
2023-05-26,image,14328,3.204942720000009,3.0684312e+07,8.765591e+06
2023-05-25,text,121603,12.594281289999575,4.7546951e+07,2.3394755e+07
2023-05-25,image,28738,7.854397400000003,4.7475208e+07,1.4561375e+07
2023-05-25,other,3,0.0027815699999999997,16965,4539
2023-05-25,video,2,0.01379456,105450,26528
2023-05-25,application,212,0.02574819000000001,106646,50463
2023-05-24,image,9249,4.603728669999999,4.6550827e+07,1.2379933e+07
2023-05-24,application,124,0.028477420000000003,249336,75602
2023-05-24,text,136973,7.572663899999687,4.922337e+07,2.5073103e+07
2023-05-24,other,3,0.00206162,25034,6503
2023-05-23,application,131,0.015233440000000004,74552,35228
2023-05-23,video,1,0.00569098,36340,9179
2023-05-23,image,6545,3.788648590000003,3.9726145e+07,1.0459797e+07
2023-05-23,text,247881,12.853770250000169,8.8812432e+07,4.6127175e+07
2023-05-23,other,2,0.0018228800000000002,19756,5095
2023-05-22,image,5675,1.7455980000000004,1.9559603e+07,5.305871e+06
2023-05-22,text,231736,15.698074970000624,8.4167399e+07,4.3967015e+07
2023-05-22,application,5,0.00063513,2299,966
2023-05-22,video,1,0.00258223,27538,6979
2023-05-22,audio,1,0.01098822,101933,25554
2023-05-21,text,232107,14.692981749999745,8.4324579e+07,4.3595163e+07
2023-05-21,application,38,0.003744840000000001,24401,8838
2023-05-21,video,1,4.932e-05,265,137
2023-05-21,image,14777,6.24481938,5.7803851e+07,1.5571234e+07
2023-05-20,image,6392,2.5597896800000006,2.3362334e+07,6.308904e+06
2023-05-20,text,179608,19.52658238999961,6.8228011e+07,3.4369088e+07
2023-05-20,video,1,0.0328172,327889,82043
2023-05-20,application,124,0.02654957000000002,232987,67041
2023-05-19,text,208896,26.889909150000463,7.587917e+07,3.9306758e+07
2023-05-19,application,40,0.00390834,13895,6228
2023-05-19,video,1,0.00353568,58549,14731
2023-05-19,image,9707,3.917883579999999,2.7464928e+07,7.591488e+06
2023-05-18,application,19,0.00337059,9058,3864
2023-05-18,image,5914,1.6047756100000004,1.3630841e+07,3.915095e+06
2023-05-18,text,191757,18.972053440000106,6.9675473e+07,3.5990937e+07
2023-05-18,other,2,0.0003105,1558,522
2023-05-17,other,2,0.0010966200000000002,4858,1380
2023-05-17,audio,1,0.00370885,73895,18545
2023-05-17,image,2253,0.67605836,7.794662e+06,2.152876e+06
2023-05-17,application,35,0.004052639999999998,13401,5867
2023-05-17,video,2,0.00858336,106726,26823
2023-05-17,text,284776,22.112532739999182,1.04211709e+08,5.4026951e+07
2023-05-16,application,638,0.07033291,208820,98230
2023-05-16,image,4983,2.5391909000000017,1.5160455e+07,4.149552e+06
2023-05-16,text,276846,30.259791570000022,9.9944294e+07,5.1690135e+07
2023-05-15,application,17,0.015229130000000002,197801,50679
2023-05-15,image,1614,1.3511131499999993,1.4920663e+07,3.8691e+06
2023-05-15,text,266463,17.27112505999895,9.7658808e+07,5.0138643e+07
2023-05-14,other,4,0.00311982,61036,15572
2023-05-14,image,1867,0.9150448999999998,1.3368174e+07,3.484366e+06
2023-05-14,video,13,0.19246056999999997,3.071975e+06,768907
2023-05-14,text,372094,26.173552469998715,1.36139601e+08,7.0217175e+07
2023-05-14,application,59,0.009173230000000001,142436,39906
2023-05-13,other,4,0.00043827000000000004,3502,1262
2023-05-13,application,1917,0.16572710999999848,619273,290561
2023-05-13,video,1,0.0150328,150046,37582
2023-05-13,text,342231,33.889572480000716,1.25515008e+08,6.4499089e+07
2023-05-13,image,836,0.46817922,5.417805e+06,1.423824e+06
2023-05-12,image,452,1.0764673899999997,5.90607e+06,1.5096e+06
2023-05-12,audio,1,0.00958485,103335,25905
2023-05-12,application,579,0.07388343999999997,182961,86834
2023-05-12,text,252442,39.52651854999831,9.1414069e+07,4.739153e+07
2023-05-11,text,279335,31.55416652000077,1.01317326e+08,5.2476756e+07
2023-05-11,image,1385,3.305261580000002,1.5390847e+07,3.94745e+06
2023-05-11,audio,3,0.04200903,363681,91175
2023-05-11,application,506,0.040328719999999915,161667,76458
2023-05-11,other,1,7.052e-05,311,172
2023-05-11,video,4,0.2291926,1.40939e+06,352604
2023-05-10,application,168,0.03879345000000001,57061,26320
2023-05-10,other,11,0.004006320000000001,9782,3480
2023-05-10,text,341364,89.94581313000104,1.23458826e+08,6.3959206e+07
2023-05-10,image,13154,8.391412109999955,1.2879462e+07,4.140985e+06
2023-05-10,audio,1,0.0102306,68982,17340
2023-05-09,text,320918,150.39216419000144,1.16273089e+08,6.0200119e+07
2023-05-09,image,867,0.61779218,994006,310199
2023-05-09,application,110,0.03730919999999999,40292,17861
2023-05-09,other,1,0.0051405,13368,3427
2023-05-08,application,454,0.2952393400000001,145107,68450
2023-05-08,other,40,0.03822729000000001,19740,8820
2023-05-08,image,59,0.30073097,280797,74620
2023-05-08,text,324041,257.0700537000003,1.16097858e+08,5.9817438e+07
2023-05-07,image,20,0.14301025,274268,70202
2023-05-07,other,1,0.00785175,35760,9025
2023-05-07,text,399552,246.7442512300066,1.44655112e+08,7.5268811e+07
2023-05-07,application,518,0.17776110999999972,161996,77272
2023-05-06,image,157,0.78764116,3.314069e+06,839973
2023-05-06,text,323781,64.18279289999973,1.17427436e+08,6.106597e+07
2023-05-06,application,864,0.15612960999999928,271466,129005
2023-05-06,other,2,0.00030352,537,276
2023-05-05,other,3,0.00436985,36764,9465
2023-05-05,application,85,0.003923570000000002,27064,12807
2023-05-05,text,143870,21.265582010000085,5.1839643e+07,2.6804517e+07
2023-05-05,image,358,0.16894557999999998,1.286902e+06,352124
2023-05-04,text,205147,14.651834150000274,7.3275872e+07,3.751819e+07
2023-05-04,image,424,0.17751067000000004,2.500893e+06,663118
2023-05-04,application,1067,0.07637971999999993,339921,160665
2023-05-04,other,30,0.01229135,23177,8555
2023-05-04,video,1,0.00514471,120673,30262
2023-05-03,other,3,0.00081141,1912,742
2023-05-03,application,2238,0.12177777999999982,712357,341409
2023-05-03,image,224,0.22481480000000004,2.026365e+06,524937
2023-05-03,text,157151,13.986690840000037,5.647641e+07,2.8951422e+07
2023-05-02,text,195522,28.137010009998978,7.1418879e+07,3.7320719e+07
2023-05-02,other,1,0.00042003,1095,359
2023-05-02,image,683,0.24671282999999952,1.689628e+06,487493
2023-05-02,application,553,0.021570549999999977,173905,82766
2023-05-01,image,316,0.16034138999999997,2.699112e+06,704437
2023-05-01,application,1326,0.03812320000000003,420506,199206
2023-05-01,text,371190,22.80426722000082,1.32803406e+08,6.8144466e+07
2023-04-30,text,307051,15.711705179999026,1.10183002e+08,5.6761758e+07
2023-04-30,image,209,0.06748691000000001,1.216993e+06,319784
2023-04-30,application,105,0.00473836,32564,15093
2023-04-29,application,100,0.005554870000000003,31817,15036
2023-04-29,image,272,0.05977858999999999,1.599915e+06,421346
2023-04-29,text,222939,10.9972731899999,7.9332284e+07,4.0586734e+07
2023-04-28,application,340,0.01563974,269237,91779
2023-04-28,image,201,0.06885956,3.057909e+06,780345
2023-04-28,audio,1,0.00037506,3288,893
2023-04-28,text,176956,6.686429679999837,6.4450923e+07,3.3799296e+07
2023-04-27,image,242,0.10037676000000001,2.802293e+06,721737
2023-04-27,other,5,0.0033563599999999996,40834,10682
2023-04-27,video,1,0.00384216,255767,64036
2023-04-27,text,123425,5.54925110999995,4.441023e+07,2.3120188e+07
2023-04-27,application,348,0.014255589999999966,115206,53562
2023-04-26,model,1,0.00060645,48233,12129
2023-04-26,application,123,0.0012014500000000008,39306,18539
2023-04-26,image,476,0.08712795999999999,5.497202e+06,1.416529e+06
2023-04-26,text,150399,3.986916480000087,5.4158404e+07,2.8393009e+07
2023-04-26,other,1,8.062e-05,736,278
2023-04-25,text,83308,1.8949775200000116,2.9806711e+07,1.5617237e+07
2023-04-25,model,2,0.00151506,100437,25251
2023-04-25,application,84,0.0019153499999999997,127709,37883
2023-04-25,image,499,0.09054388000000001,6.787017e+06,1.734661e+06
2023-04-24,model,4,0.00016644,65448,16644
2023-04-24,text,65771,0.7365857999999982,2.3883472e+07,1.2502133e+07
2023-04-24,image,21954,0.3029974599999998,3.8705837e+07,1.1243368e+07
2023-04-24,other,1,0.00029536,7100,1846
2023-04-24,application,9,0.00018970000000000003,3151,1417
2023-04-23,image,2174,0.11420733999999998,2.2388842e+07,5.763945e+06
2023-04-23,audio,1,0.0013803,110142,27606
2023-04-23,application,547,0.004330309999999995,176546,83078
2023-04-23,model,41,0.00170601,670842,170601
2023-04-23,text,190299,1.516799020000041,6.8298803e+07,3.5367058e+07
2023-04-23,other,1,0.00012585,16404,4195
2023-04-22,application,38,0.01059572,1.042194e+06,263244
2023-04-22,video,1,0.00012432,49445,12432
2023-04-22,text,78242,0.348382819999999,2.6994493e+07,1.4105432e+07
2023-04-22,model,21,0.00108186,343602,87381
2023-04-22,image,21384,0.826089669999996,6.3941097e+07,1.7500666e+07
2023-04-22,other,1,0.00160299,213353,53432
2023-04-21,application,18,0.0006446100000000001,17352,5826
2023-04-21,other,1,9.306e-05,12125,3102
2023-04-21,image,39563,0.4788655399999994,6.6534422e+07,1.9441415e+07
2023-04-21,video,1,0.0039461,315312,78922
2023-04-21,text,15906,0.16234489000000035,5.550814e+06,2.683352e+06
2023-04-21,model,6,0.00054634,107574,27317
2023-04-20,model,2,8.322e-05,32724,8322
2023-04-20,application,12,5.603e-05,4208,2029
2023-04-20,image,1930,0.24119307999999995,4.3680926e+07,1.1063544e+07
2023-04-20,text,6840,0.05925213000000007,2.50012e+06,1.157716e+06
2023-04-20,video,58,0.00444886,1.763118e+06,444886
2023-04-20,audio,2,0.00053181,211514,53021
2023-04-19,image,2796,0.4406476199999999,6.0880411e+07,1.5422264e+07
2023-04-19,application,22,0.00027816,7333,3387
2023-04-19,model,1,8.322e-05,16362,4161
2023-04-19,text,8283,0.04938407,3.553058e+06,1.535376e+06
2023-04-18,image,1706,0.39171329000000005,4.6804408e+07,1.1827939e+07
2023-04-18,video,2,0.0038818299999999997,421425,105521
2023-04-18,application,748,0.002684970000000009,234179,111440
2023-04-18,text,12468,0.06857793000000016,4.356369e+06,2.095042e+06
2023-04-18,model,101,0.02232933,2.938709e+06,741861
2023-04-17,text,26373,0.17724947999999752,8.776322e+06,4.290405e+06
2023-04-17,application,257,0.0015942200000000023,112669,46350
2023-04-17,video,1,0.00063335,104371,26164
2023-04-17,image,3991,0.6560980700000002,5.7693947e+07,1.4713439e+07
2023-04-16,application,12,0.00808783,797480,200474
2023-04-16,text,4622,0.03883355000000005,1.648433e+06,778480
2023-04-16,image,2483,0.58113429,6.2903797e+07,1.5909962e+07
2023-04-15,image,4050,0.8482505099999998,7.3131033e+07,1.8596078e+07
2023-04-15,application,328,0.00930439,902097,248794
2023-04-15,video,5,0.00893304,855610,214256
2023-04-15,text,5066,0.03274463999999997,1.723845e+06,807357
2023-04-14,text,4971,0.04450398000000001,1.961619e+06,883741
2023-04-14,video,2,0.0007613800000000001,78523,19772
2023-04-14,audio,1,0.00151482,302679,75741
2023-04-14,application,458,0.005272219999999993,569102,174661
2023-04-14,image,1876,0.43042361,5.3407701e+07,1.3494416e+07
2023-04-13,audio,2,0.0016673,332894,83365
2023-04-13,text,4411,0.056647130000000025,2.196673e+06,890438
2023-04-13,image,3760,0.7328257000000001,5.8231265e+07,1.4837805e+07
2023-04-13,video,2,0.00107325,162298,40717
2023-04-13,application,50,0.00495697,405409,105170
2023-04-12,image,5588,1.2980836600000003,1.02333735e+08,2.6004772e+07
2023-04-12,text,9646,0.1351513999999995,3.952021e+06,1.720119e+06
2023-04-12,audio,2,0.0033922600000000002,677887,169613
2023-04-12,other,1,7.68e-06,296,145
2023-04-12,video,1,0.00029652,59019,14826
2023-04-12,application,313,0.011892309999999994,845174,233576
2023-04-11,model,1,0.00072625,41217,10375
2023-04-11,image,7061,0.4115463,2.1048461e+07,5.810344e+06
2023-04-11,text,9122,0.138490930000001,3.227198e+06,1.550252e+06
2023-04-11,application,105,0.08844104999999998,8.234946e+06,2.06617e+06
2023-04-11,other,7,5.818e-05,2193,1076
2023-04-10,text,8600,0.13332089999999974,3.016701e+06,1.437511e+06
2023-04-10,image,4244,0.3114573900000002,1.9566121e+07,5.241288e+06
2023-04-10,application,47,0.07685477999999998,5.730612e+06,1.435981e+06
2023-04-09,other,1,0.0002481,19472,4962
2023-04-09,application,224,0.35902777999999996,3.4943196e+07,8.751661e+06
2023-04-09,text,20853,0.23020627000000166,7.581007e+06,3.46657e+06
2023-04-09,audio,2,0.00506851,558859,139879
2023-04-09,image,16678,0.8230831799999999,6.8434178e+07,1.832116e+07
2023-04-08,video,3,0.00880765,444848,111448
2023-04-08,audio,1,0.0024616,122796,30770
2023-04-08,other,1,0.00014202,2779,789
2023-04-08,application,309,1.04586173,6.5934242e+07,1.6505484e+07
2023-04-08,model,6,0.00138045,83835,21383
2023-04-08,text,16786,0.40717695000000137,6.234028e+06,2.970115e+06
2023-04-08,image,19678,2.1556465800000004,1.02723626e+08,2.7235835e+07
2023-04-07,other,1,8.624e-05,4549,1231
2023-04-07,text,19749,0.4247868100000025,7.110222e+06,3.437279e+06
2023-04-07,image,17242,1.6246205599999983,7.711826e+07,2.0547873e+07
2023-04-07,application,405,0.15792594999999998,9.97374e+06,2.52204e+06
2023-04-07,model,20,0.00911601,207286,53242
2023-04-07,audio,4,0.012178010000000001,602113,150813
2023-04-06,audio,2,0.00175217,99560,25031
2023-04-06,text,11720,0.1913470799999999,4.657051e+06,2.156027e+06
2023-04-06,video,2,0.00471774,344321,86222
2023-04-06,application,145,0.0015302699999999998,48962,22513
2023-04-06,image,14213,1.7644199500000077,1.19876195e+08,3.1024479e+07
2023-04-06,model,5,0.00282281,62670,16022
2023-04-05,audio,2,0.00645283,568060,142157
2023-04-05,video,1,0.0059923,239409,59923
2023-04-05,image,14999,1.637154320000016,8.0193187e+07,2.1200148e+07
2023-04-05,text,15801,0.4402455499999932,6.033155e+06,2.898731e+06
2023-04-05,other,1,0.00421605,337001,84321
2023-04-05,application,754,0.019455909999999983,536824,187389
2023-04-04,audio,3,0.01001537,850850,212925
2023-04-04,video,2,0.00183764,141500,35517
2023-04-04,application,1553,0.018304899999999995,481602,229974
2023-04-04,text,50647,1.183316020000006,1.842233e+07,9.025686e+06
2023-04-04,image,24169,1.0490385600000256,6.6175282e+07,1.8280411e+07
2023-04-03,image,13964,0.6739845099999947,4.0962648e+07,1.123322e+07
2023-04-03,application,2472,0.015698110000000057,769204,368297
2023-04-03,text,31508,0.5866970200000056,1.0974207e+07,5.43864e+06
2023-04-02,video,1,0.00103122,68465,17187
2023-04-02,application,452,0.005057109999999997,143505,67880
2023-04-02,text,62602,1.752241070000052,2.318213e+07,1.1300258e+07
2023-04-02,image,9273,1.3807875499999895,7.5748112e+07,1.959891e+07
2023-04-01,image,8145,1.328196520000001,6.2705852e+07,1.6266055e+07
2023-04-01,audio,3,0.00428191,524985,131450
2023-04-01,text,12995,0.2344965600000007,4.827373e+06,2.286624e+06
2023-04-01,application,122,0.00357873,224360,64704
2023-04-01,model,22,0.00931233,319537,81445
2023-03-31,image,3264,0.6866251999999996,5.4978728e+07,1.3994515e+07
2023-03-31,video,1,0.0016972,169436,42430
2023-03-31,application,157,0.004707080000000001,49248,23422
2023-03-31,text,2126,0.04971077000000006,939096,400915
2023-03-30,application,18,0.00068858,8290,3387
2023-03-30,video,1,0.0043734,291276,72890
2023-03-30,image,10860,1.852070539999999,1.36032369e+08,3.4792201e+07
2023-03-30,audio,3,0.0023871,158291,39785
2023-03-30,text,2629,0.06808353,1.26639e+06,540565
2023-03-29,video,1,0.0001599,12510,3198
2023-03-29,application,12,0.00040505999999999995,5025,2152
2023-03-29,audio,2,0.00249439,152766,38333
2023-03-29,model,4,0.0026434,210480,52868
2023-03-29,image,7715,1.6331394800000003,1.16808331e+08,2.9770919e+07
2023-03-29,text,2127,0.05772116999999993,1.471912e+06,542940
2023-03-28,text,1528,0.04564097999999994,820103,333177
2023-03-28,video,12,0.0014682,114069,29364
2023-03-28,image,16441,1.0787929799999991,6.5392324e+07,1.7522556e+07
2023-03-28,application,12,0.0005549,12547,4002
2023-03-27,text,1452,0.03620061999999999,693305,293743
2023-03-27,application,26,0.0008662400000000001,8691,4017
2023-03-27,video,72,0.01373647,1.058277e+06,269693
2023-03-27,image,11312,1.1038236700000008,6.9728622e+07,1.8252918e+07
2023-03-26,video,29,0.007208330000000001,482669,122719
2023-03-26,application,14,0.00037468000000000007,4835,2200
2023-03-26,image,7413,3.094651979999999,1.63481485e+08,4.1439959e+07
2023-03-26,text,1850,0.044928990000000016,957434,393431
2023-03-25,image,11623,4.875641420000001,1.42574919e+08,3.6554525e+07
2023-03-25,video,10,0.0332152,1.24068e+06,310942
2023-03-25,application,1,4.736e-05,307,148
2023-03-25,audio,1,0.00322416,160923,40302
2023-03-25,text,1016,0.041422549999999995,727507,259497
2023-03-24,application,10,0.00047455999999999996,3099,1483
2023-03-24,image,4138,13.36029393,2.4284602e+08,6.1045582e+07
2023-03-24,text,593,0.034407669999999994,360366,139435
2023-03-23,text,811,0.05136703999999999,932307,298605
2023-03-23,image,2806,12.004734850000002,2.98835994e+08,7.4920403e+07
2023-03-23,application,9,0.0005248399999999999,3606,1540
2023-03-23,model,1,0.0019866,52691,13244
2023-03-23,video,2,0.008618250000000001,229255,57455
2023-03-22,model,1,0.00195105,51782,13007
2023-03-22,text,1183,0.03938742,906427,321480
2023-03-22,image,2586,5.076848030000001,1.75703449e+08,4.4122981e+07
2023-03-22,application,1,1.52e-05,323,152
2023-03-22,video,1,0.00103003,23954,6059
2023-03-21,model,16,0.0010217000000000002,36340,10217
2023-03-21,video,3,0.0058270299999999995,348299,87287
2023-03-21,application,112,0.0030883799999999995,39015,17727
2023-03-21,audio,1,0.0059064,393478,98440
2023-03-21,text,15537,0.29092572,6.726562e+06,2.898817e+06
2023-03-21,image,2686,1.9940341499999996,1.06297466e+08,2.6783238e+07
2023-03-20,text,11902,0.2151480100000003,4.687503e+06,2.145955e+06
2023-03-20,application,286,0.011315249999999999,101232,45650
2023-03-20,image,7442,2.493232080000001,1.21775535e+08,3.0979921e+07
2023-03-20,audio,2,0.00094587,30172,7708
2023-03-20,other,2,8.444999999999999e-05,1496,562
2023-03-19,audio,2,0.0008637,56920,14395
2023-03-19,application,51,0.0015178800000000003,18622,8284
2023-03-19,image,7690,3.9492397,1.9069431e+08,4.8229428e+07
2023-03-19,text,6921,0.14687419000000032,2.561375e+06,1.240064e+06
2023-03-18,application,34,0.00831234,385737,98851
2023-03-18,audio,2,0.00485736,323257,80956
2023-03-18,text,10368,0.17942524999999998,3.870022e+06,1.835407e+06
2023-03-18,video,2,0.00278958,240885,60363
2023-03-18,image,3842,2.7384198699999995,1.94014128e+08,4.8785204e+07
2023-03-17,image,6307,3.001240880000001,8.8591895e+07,2.2621309e+07
2023-03-17,text,5426,0.15432226000000013,2.328185e+06,1.061043e+06
2023-03-17,video,13,0.01288539,241743,61359
2023-03-17,application,13,0.01230335,596739,150096
2023-03-16,application,8,0.00027521,3463,1434
2023-03-16,model,1,0.009009,143860,36036
2023-03-16,video,4,0.00039249,6342,1869
2023-03-16,image,2109,3.5639100999999993,1.07708717e+08,2.707817e+07
2023-03-16,text,4359,0.13807335999999998,1.76606e+06,842107
2023-03-15,text,6548,0.16553462000000013,2.694853e+06,1.231074e+06
2023-03-15,video,2,0.0052981,211358,52981
2023-03-15,audio,2,0.00358332,238322,59722
2023-03-15,image,13661,1.885917059999999,1.09122144e+08,2.8254843e+07
2023-03-15,application,8,0.00030084999999999997,2879,1404
2023-03-14,image,2132,0.6278672399999998,6.8108476e+07,1.7178198e+07
2023-03-14,text,5052,0.15886602999999982,2.638422e+06,1.126811e+06
2023-03-14,application,31,0.0005509199999999999,10050,4712
2023-03-14,video,8,0.019440689999999997,1.048552e+06,262704
2023-03-14,audio,2,0.0014536199999999999,69556,17531
2023-03-13,audio,1,0.00017856,11619,2976
2023-03-13,application,28,0.00110406,20075,7035
2023-03-13,video,56,0.14852236999999996,2.923337e+06,734784
2023-03-13,image,3031,2.3451969100000003,1.35713357e+08,3.414361e+07
2023-03-13,text,11452,0.36377535999999777,5.523843e+06,2.415756e+06
2023-03-12,image,11460,1.6108676199999996,2.1720627e+08,5.5114456e+07
2023-03-12,text,5852,0.09738442999999986,4.390881e+06,1.559519e+06
2023-03-12,video,8,0.029003630000000002,807745,202502
2023-03-12,application,62,0.00442361,452461,117515
2023-03-11,audio,2,0.0016127799999999999,111822,28097
2023-03-11,application,161,0.00349162,329759,93851
2023-03-11,image,18668,1.9818790000000006,1.99865884e+08,5.1289837e+07
2023-03-11,text,6269,0.11026833999999978,4.419243e+06,1.594617e+06
2023-03-11,video,105,0.03212904,2.925172e+06,738734
2023-03-10,image,4956,1.4492545799999998,7.3761111e+07,1.8796477e+07
2023-03-10,application,625,0.016352200000000035,411343,147038
2023-03-10,text,8434,0.383112350000002,3.872028e+06,1.740346e+06
2023-03-10,audio,2,0.013840410000000001,300533,75275
2023-03-10,video,14,0.019667000000000004,782709,196670
2023-03-09,text,26853,1.6100765000000223,1.1071362e+07,5.308834e+06
2023-03-09,image,2927,0.9858269099999999,2.4341567e+07,6.292589e+06
2023-03-09,application,934,0.04131761000000005,312768,143393
2023-03-09,video,978,1.67168575,4.9479958e+07,1.2439303e+07
2023-03-08,other,2,0.00083235,29754,7636
2023-03-08,video,1,0.00598885,68160,17111
2023-03-08,application,11,0.00021097,4005,1782
2023-03-08,audio,1,0.00014112,7782,2016
2023-03-08,image,5314,1.0769070099999998,1.0093327e+08,2.5610777e+07
2023-03-08,text,3400,0.17814648000000005,4.984032e+06,1.531465e+06
2023-03-07,application,17,0.0013538600000000001,159050,40967
2023-03-07,audio,6,0.00732323,1.445667e+06,361842
2023-03-07,text,9558,0.1632771899999998,5.14523e+06,2.045758e+06
2023-03-07,image,9191,1.2755358699999968,1.3572832e+08,3.4587255e+07
2023-03-07,video,1,0.00183015,48519,12201
2023-03-06,video,11,0.011453839999999998,2.009882e+06,503250
2023-03-06,audio,1,0.00045156,90027,22578
2023-03-06,text,7169,0.16428945000000003,3.627983e+06,1.506912e+06
2023-03-06,image,6790,0.7340671700000001,7.2868228e+07,1.8699445e+07
2023-03-06,application,23,0.00521211,247464,63495
2023-03-05,application,4,0.00337115,321172,80576
2023-03-05,text,7350,0.08758440999999981,2.837919e+06,1.27662e+06
2023-03-05,image,8614,0.9299600299999999,1.08061842e+08,2.7635867e+07
2023-03-05,video,2,0.00053704,106844,26852
2023-03-05,audio,31,0.006221699999999999,947389,239045
2023-03-04,image,8371,1.4198471499999992,1.61616565e+08,4.1000132e+07
2023-03-04,application,67,0.0009180699999999999,21190,10047
2023-03-04,text,10880,0.1766980100000002,4.300683e+06,1.956428e+06
2023-03-04,audio,35,0.010121550000000002,1.697518e+06,426860
2023-03-04,video,6,0.00398943,777856,194889
2023-03-03,text,12883,0.23617949000000088,5.608672e+06,2.456114e+06
2023-03-03,image,5125,1.319211669999999,1.33491992e+08,3.3739585e+07
2023-03-03,application,68,0.005354329999999999,322388,85419
2023-03-03,video,3,0.00339768,553329,138545
2023-03-03,audio,2,0.000327,25591,6540
2023-03-02,application,16,0.00213686,241587,61532
2023-03-02,image,5851,1.2148660999999996,1.25988518e+08,3.1912013e+07
2023-03-02,other,1,4.012e-05,659,236
2023-03-02,audio,1,0.0019333,386376,96665
2023-03-02,video,6,0.00694333,899142,225211
2023-03-02,text,9561,0.2733596400000009,4.361817e+06,1.912832e+06
2023-03-01,video,1,0.00088032,175782,44016
2023-03-01,audio,2,0.00327724,654880,163862
2023-03-01,text,15981,0.3204015099999995,6.605308e+06,2.811016e+06
2023-03-01,application,23,0.0066272,340986,86878
2023-03-01,model,1,0.00065385,86897,21795
2023-03-01,image,8817,1.5639612399999998,1.64492577e+08,4.1749591e+07
2023-02-28,audio,5,0.00435816,870212,217908
2023-02-28,application,786,0.004043279999999992,308453,133086
2023-02-28,video,7,0.0065763,1.092644e+06,273656
2023-02-28,text,9207,0.21183295999999974,4.721422e+06,1.831481e+06
2023-02-28,image,5743,0.8576849599999999,7.6070713e+07,1.9424277e+07
2023-02-27,text,3910,0.09419565000000005,2.066628e+06,795795
2023-02-27,image,4027,0.80315654,5.1640973e+07,1.3195523e+07
2023-02-27,application,1,2.601e-05,330,153
2023-02-26,text,5526,0.10460345000000047,2.982643e+06,1.16798e+06
2023-02-26,image,8935,1.21188344,1.7339293e+08,4.3981288e+07
2023-02-26,audio,9,0.009238780000000002,789901,198114
2023-02-26,application,13,0.00020470999999999998,6451,2533
2023-02-26,video,10,0.00557909,2.228807e+06,557909
2023-02-25,image,2494,0.6101621900000002,5.6821991e+07,1.4382268e+07
2023-02-25,video,4,0.00297445,318417,79887
2023-02-25,application,22,7.176e-05,6972,3305
2023-02-25,text,4652,0.14386159999999995,3.174006e+06,1.123323e+06
2023-02-25,audio,9,0.01519849,1.389216e+06,347943
2023-02-24,video,3,0.005180570000000001,317018,79467
2023-02-24,application,2,3.416e-05,1141,427
2023-02-24,image,3507,0.6518705700000003,6.761973e+07,1.7153309e+07
2023-02-24,audio,4,0.00227209,534002,133816
2023-02-24,text,1880,0.053028660000000054,1.621614e+06,538514
2023-02-24,other,1,1.955e-05,145,98
2023-02-23,application,2,0.00098977,277793,69590
2023-02-23,audio,6,0.004040180000000001,1.09812e+06,274988
2023-02-23,model,1,0.0007996,31702,7996
2023-02-23,video,18,0.07414097,4.707938e+06,1.17826e+06
2023-02-23,image,3712,1.5747822600000003,1.17325656e+08,2.9590822e+07
2023-02-23,text,601,0.06994270999999999,3.716062e+06,971681
2023-02-22,text,746,0.09909529000000002,2.905793e+06,779984
2023-02-22,audio,3,0.00610353,708768,177405
2023-02-22,video,21,0.09714573000000001,6.181763e+06,1.546928e+06
2023-02-22,image,3107,0.8923497000000004,6.0204821e+07,1.5271434e+07
2023-02-22,application,37,0.004672919999999999,915694,231244
2023-02-21,image,4261,0.9643407399999999,1.20494717e+08,3.0425099e+07
2023-02-21,application,96,0.0021677700000000003,87626,28677
2023-02-21,video,13,0.09711066,3.923701e+06,981846
2023-02-21,audio,8,0.0046105899999999995,1.591427e+06,398424
2023-02-21,text,3086,0.10571208000000039,6.155803e+06,1.75812e+06
2023-02-20,image,4002,2.0092122200000007,1.41038944e+08,3.5543311e+07
2023-02-20,video,11,0.0236588,1.483755e+06,371718
2023-02-20,model,1,0.00103741,37101,9346
2023-02-20,text,399,0.17821918999999994,6.172959e+06,1.571873e+06
2023-02-20,application,2,0.000135,1834,600
2023-02-20,audio,4,0.0054177,512125,128315
2023-02-19,other,2,0.0076143899999999995,233426,58499
2023-02-19,image,3645,1.02780243,1.63237222e+08,4.1066175e+07
2023-02-19,audio,17,0.025254940000000003,2.172058e+06,544221
2023-02-19,video,38,0.09342819999999999,1.0384491e+07,2.598815e+06
2023-02-19,application,4,0.00057208,227697,57208
2023-02-19,text,1456,0.21938508999999934,1.781928e+07,4.555376e+06
2023-02-18,video,9,0.06408172000000001,2.886733e+06,722322
2023-02-18,image,8486,1.7959841600000013,1.44813328e+08,3.6804579e+07
2023-02-18,audio,4,0.00944787,1.090464e+06,272900
2023-02-18,text,2358,0.06546558999999995,4.326116e+06,1.248783e+06
2023-02-18,application,6,0.0010281,198144,49962
2023-02-17,application,2,3.613e-05,1050,404
2023-02-17,image,5697,2.6638443300000008,1.331771e+08,3.3698225e+07
2023-02-17,audio,15,0.03007889,3.692217e+06,924118
2023-02-17,model,1,0.0016878,44725,11252
2023-02-17,text,1680,0.10111592999999988,5.365205e+06,1.460447e+06
2023-02-17,video,3,0.00248723,316328,79294
2023-02-16,application,2,0.0034435499999999996,265284,66463
2023-02-16,video,2,0.49308846,3.41636e+06,854232
2023-02-16,text,5415,0.5178343999999998,1.6306155e+07,4.460975e+06
2023-02-16,image,5933,2.9968156900000005,1.5771791e+08,3.9850178e+07
2023-02-16,audio,3,0.00507114,365721,91642
2023-02-16,other,1,0.00026719,9432,2429
2023-02-15,image,16610,6.61637871,1.5855581e+08,4.0816368e+07
2023-02-15,text,1135,0.8072089400000001,2.1969771e+07,5.572849e+06
2023-02-15,audio,9,0.014413470000000001,428876,107847
2023-02-15,video,28,0.08637005000000003,5.632044e+06,1.409998e+06
2023-02-15,application,11,0.027727289999999998,769811,193233
2023-02-15,model,3,0.00156888,92259,23277
2023-02-14,model,7,0.0058933,233744,58933
2023-02-14,text,2469,0.31873038999999986,1.8500399e+07,4.800068e+06
2023-02-14,application,7,0.01264107,672356,168585
2023-02-14,image,14133,4.819422940000007,1.88139189e+08,4.8036162e+07
2023-02-14,video,23,0.06077717000000001,4.658505e+06,1.166259e+06
2023-02-13,audio,1,6.705e-05,5080,1341
2023-02-13,text,1021,0.19214196999999997,5.583207e+06,1.468159e+06
2023-02-13,model,1,0.00067575,17738,4505
2023-02-13,application,111,0.05755479999999999,4.73136e+06,1.190709e+06
2023-02-13,video,35,0.08698067000000001,6.488565e+06,1.624626e+06
2023-02-13,image,8251,2.824202900000001,1.57016095e+08,3.983883e+07
2023-02-12,model,1,0.00213136,53000,13321
2023-02-12,text,545,0.16841721999999998,7.457026e+06,1.902861e+06
2023-02-12,video,13,0.0035847300000000004,574161,144463
2023-02-12,image,9062,4.025159749999999,2.55930225e+08,6.4623715e+07
2023-02-12,application,1,0.0046475,185617,46475
2023-02-12,audio,10,0.014472259999999999,569313,143028
2023-02-11,application,13,0.00864208,765022,192178
2023-02-11,video,108,0.02603449,3.669633e+06,925063
2023-02-11,image,7559,2.8230036600000004,1.73795268e+08,4.398448e+07
2023-02-11,text,1405,0.5252087300000005,2.5290495e+07,6.422125e+06
2023-02-11,audio,7,0.00160497,269122,67778
2023-02-10,audio,4,0.02167003,429289,107605
2023-02-10,video,2,0.0010831600000000001,24693,6315
2023-02-10,image,5934,3.7292269000000013,1.41050702e+08,3.5683315e+07
2023-02-10,application,1,0.0027885,185617,46475
2023-02-10,text,756,0.13128094,3.550453e+06,941233
2023-02-09,image,20855,3.15711275,1.5630629e+08,4.0540848e+07
2023-02-09,video,9,0.00196497,241100,60914
2023-02-09,text,958,0.17377824999999994,1.0528748e+07,2.699992e+06
2023-02-09,audio,2,0.00048213,58783,14838
2023-02-08,application,2,0.00016662,15890,4114
2023-02-08,image,6386,1.46408073,1.24818961e+08,3.165463e+07
2023-02-08,text,1925,0.17651616999999997,8.177879e+06,2.181086e+06
2023-02-07,audio,2,0.018539180000000002,387306,96968
2023-02-07,text,1226,0.026383989999999958,869298,303524
2023-02-07,application,1,0.00139425,185617,46475
2023-02-07,image,3452,2.58259437,1.43796652e+08,3.6193737e+07
2023-02-06,text,118,0.008082309999999999,715705,187238
2023-02-06,image,3379,1.2647134200000008,1.62346811e+08,4.0826072e+07
2023-02-06,audio,55,0.01144752,1.129163e+06,286188
2023-02-06,video,1,0.00052929,211434,52929
2023-02-06,application,2,0.001859,371234,92950
2023-02-05,audio,7,0.004488590000000001,1.762197e+06,441047
2023-02-05,image,2641,0.5188505800000001,9.9983733e+07,2.5182693e+07
2023-02-05,application,1,0.00022813,90967,22813
2023-02-05,video,2,0.0011221,448270,112210
2023-02-05,text,109,0.00763457,611154,160519
2023-02-04,audio,28,0.018702719999999996,3.69532e+06,925813
2023-02-04,text,47,0.0103034,695774,177274
2023-02-04,image,1039,0.3855079600000001,5.4367616e+07,1.3665543e+07
2023-02-03,application,1,6.42e-06,1693,494
2023-02-03,audio,5,0.00182581,221571,55747
2023-02-03,text,45,0.00172505,210336,55772
2023-02-03,image,195,0.17492764999999996,1.2210806e+07,3.066523e+06
2023-02-02,text,59,0.003924169999999999,576475,148300
2023-02-02,image,409,0.13254533999999998,1.5566063e+07,3.920501e+06
2023-02-02,application,2,0.0028391099999999997,746149,186679
2023-02-02,audio,3,0.00799534,898142,224748
2023-02-01,text,28,0.0016798800000000001,135980,35978
2023-02-01,image,193,0.19012976000000004,1.2972491e+07,3.256803e+06
2023-02-01,audio,4,0.0073249100000000004,978836,244994
2023-01-31,text,9,0.00041572000000000007,35049,9400
2023-01-31,image,95,0.098483,4.301911e+06,1.082214e+06
2023-01-30,text,2,0.00037694,37396,9490
2023-01-30,image,79,0.029045770000000002,3.878287e+06,975171
2023-01-30,video,1,0.00015568,61990,15568
2023-01-29,image,115,0.010048070000000001,3.978272e+06,1.002717e+06
2023-01-29,text,9,0.00012856999999999997,24774,6831
2023-01-29,application,3,0.00127817,510419,127817
2023-01-29,video,1,7.075e-05,28018,7075
2023-01-28,text,9,1.561e-05,3687,1561
2023-01-28,image,7,0.0023103100000000003,922138,231031
2023-01-27,image,5,0.00041671000000000004,165266,41671
2023-01-27,text,14,0.0001315,18370,5586
2023-01-26,text,4,2.732e-05,9792,2732
2023-01-26,image,8,0.001263,233391,58916
2023-01-25,text,2,3.17e-06,702,317
2023-01-25,image,7,0.00056461,187402,47349
2023-01-24,text,2,1.297e-05,717,321
2023-01-24,image,2,0.00038704,113813,28595
2023-01-23,image,13,0.00254641,852482,214042
2023-01-23,video,1,0.00040132,160243,40132
2023-01-23,text,7,6.721e-05,1972,990
2023-01-23,audio,2,0.00133297,532620,133297
2023-01-22,image,29,0.00478116,1.797264e+06,451371
2023-01-22,text,4,2.646e-05,9450,2646
2023-01-22,application,1,0.00046475,185617,46475
2023-01-21,image,4,0.0006541200000000001,87084,22055
2023-01-21,text,1,1.55e-06,338,155
2023-01-20,image,3,0.00076767,306219,76767
2023-01-19,image,5,0.00084884,338123,84884
2023-01-16,image,1,8.719e-05,34592,8719
2023-01-15,image,1,7.283e-05,28849,7283
2023-01-13,image,1,1.509e-05,5752,1509
2023-01-13,text,1,2.95e-06,897,295
2023-01-12,text,1,1.85e-06,455,185
2023-01-10,image,1,1.87e-06,463,187
2023-01-05,image,1,2.03e-06,565,203
2022-12-19,image,1,2.479e-05,9667,2479
2022-12-17,image,1,5.218e-05,20624,5218
2022-12-14,image,1,3.22e-06,1040,322
